product_id,hash_hex,hash_u32,brand,component,stage,rarity_name,rarity_id,level,topspeed,acceleration,handling,installable_slot
t0_custom_brakes_pro_uncommonrarity,0xC6BE619E,3334365598,custom,brakes,pro,uncommonrarity,2,10,0,0,50,yes
t0_custom_brakes_race_commonrarity,0x1E0B30E3,504049891,custom,brakes,race,commonrarity,1,10,0,0,99,yes
t0_custom_brakes_street_greyrarity,0xA988BCF1,2844310769,custom,brakes,street,greyrarity,0,10,0,0,100,yes
t0_custom_brakes_uber_rarerarity,0x83FA58BC,2214222012,custom,brakes,uber,rarerarity,3,10,0,0,25,yes
t0_custom_engine_pro_uncommonrarity,0xF51E56DD,4112406237,custom,engine,pro,uncommonrarity,2,10,50,0,0,yes
t0_custom_engine_race_commonrarity,0xD4E7A6BE,3571951294,custom,engine,race,commonrarity,1,10,99,0,0,yes
t0_custom_engine_street_greyrarity,0x91AAE32B,2443895595,custom,engine,street,greyrarity,0,10,100,0,0,yes
t0_custom_engine_street_uncommonrarity,0x848CB23C,2223813180,custom,engine,street,uncommonrarity,2,0,5,5,0,yes
t0_custom_engine_uber_rarerarity,0x31C7A241,835166785,custom,engine,uber,rarerarity,3,10,25,0,0,yes
t0_custom_forcedinduction_pro_uncommonrarity,0x0370961D,57710109,custom,forcedinduction,pro,uncommonrarity,2,10,0,50,0,yes
t0_custom_forcedinduction_race_commonrarity,0xA36BED7E,2741759358,custom,forcedinduction,race,commonrarity,1,10,0,99,0,yes
t0_custom_forcedinduction_street_greyrarity,0x065A9309,106599177,custom,forcedinduction,street,greyrarity,0,10,0,100,0,yes
t0_custom_forcedinduction_uber_rarerarity,0x2348AA37,591964727,custom,forcedinduction,uber,rarerarity,3,10,0,25,0,yes
t0_gearhead_brakes_elite_commonrarity,0x15AC2485,363603077,gearhead,brakes,elite,commonrarity,1,10,0,0,15,yes
t0_gearhead_brakes_elite_greyrarity,0xC8AA16DD,3366590173,gearhead,brakes,elite,greyrarity,0,10,0,0,14,yes
t0_gearhead_brakes_elite_uncommonrarity,0x865EE7BA,2254366650,gearhead,brakes,elite,uncommonrarity,2,10,0,0,16,yes
t0_gearhead_brakes_pro_commonrarity,0x003955A9,3757481,gearhead,brakes,pro,commonrarity,1,5,0,0,9,yes
t0_gearhead_brakes_pro_eliterarity,0x1E0FCE5D,504352349,gearhead,brakes,pro,eliterarity,4,8,0,0,12,yes
t0_gearhead_brakes_pro_greyrarity,0xCED3FBED,3469999085,gearhead,brakes,pro,greyrarity,0,4,0,0,8,yes
t0_gearhead_brakes_pro_rarerarity,0xA679C626,2792998438,gearhead,brakes,pro,rarerarity,3,7,0,0,11,yes
t0_gearhead_brakes_pro_uncommonrarity,0xBC30B84B,3157309515,gearhead,brakes,pro,uncommonrarity,2,6,0,0,10,yes
t0_gearhead_brakes_race_commonrarity,0x334F46A7,860833447,gearhead,brakes,race,commonrarity,1,3,0,0,6,yes
t0_gearhead_brakes_race_eliterarity,0xF4FDCAF7,4110273271,gearhead,brakes,race,eliterarity,4,6,0,0,9,yes
t0_gearhead_brakes_race_greyrarity,0x1F23D590,522442128,gearhead,brakes,race,greyrarity,0,3,0,0,5,yes
t0_gearhead_brakes_race_rarerarity,0x9C84E1A9,2625954217,gearhead,brakes,race,rarerarity,3,5,0,0,8,yes
t0_gearhead_brakes_race_uncommonrarity,0xDC87F739,3699898169,gearhead,brakes,race,uncommonrarity,2,4,0,0,7,yes
t0_gearhead_brakes_street_commonrarity,0x59E2AB2B,1508027179,gearhead,brakes,street,commonrarity,1,1,0,0,3,yes
t0_gearhead_brakes_street_eliterarity,0x7092C7E3,1888667619,gearhead,brakes,street,eliterarity,4,4,0,0,6,yes
t0_gearhead_brakes_street_greyrarity,0x6C497E99,1816755865,gearhead,brakes,street,greyrarity,0,1,0,0,2,yes
t0_gearhead_brakes_street_rarerarity,0xB8FAD962,3103447394,gearhead,brakes,street,rarerarity,3,3,0,0,5,yes
t0_gearhead_brakes_street_uncommonrarity,0x96D7E632,2530731570,gearhead,brakes,street,uncommonrarity,2,2,0,0,4,yes
t0_gearhead_brakes_uber_commonrarity,0xA6CAB19B,2798301595,gearhead,brakes,uber,commonrarity,1,7,0,0,12,yes
t0_gearhead_brakes_uber_eliterarity,0xE115144B,3776255051,gearhead,brakes,uber,eliterarity,4,10,0,0,15,yes
t0_gearhead_brakes_uber_greyrarity,0x60ABA68E,1621862030,gearhead,brakes,uber,greyrarity,0,6,0,0,11,yes
t0_gearhead_brakes_uber_rarerarity,0x960A7022,2517266466,gearhead,brakes,uber,rarerarity,3,9,0,0,14,yes
t0_gearhead_brakes_uber_uncommonrarity,0x76067B08,1980136200,gearhead,brakes,uber,uncommonrarity,2,8,0,0,13,yes
t0_gearhead_engine_elite_commonrarity,0xBA421BBF,3124894655,gearhead,engine,elite,commonrarity,1,10,15,15,0,yes
t0_gearhead_engine_elite_greyrarity,0xEB4F55AE,3947845038,gearhead,engine,elite,greyrarity,0,10,14,14,0,yes
t0_gearhead_engine_elite_uncommonrarity,0xE4C32262,3837993570,gearhead,engine,elite,uncommonrarity,2,10,16,16,0,yes
t0_gearhead_engine_pro_commonrarity,0xEBB5FCC4,3954572484,gearhead,engine,pro,commonrarity,1,5,9,9,0,yes
t0_gearhead_engine_pro_eliterarity,0x39CE4220,969818656,gearhead,engine,pro,eliterarity,4,8,12,12,0,yes
t0_gearhead_engine_pro_greyrarity,0xBB86E7E2,3146180578,gearhead,engine,pro,greyrarity,0,4,8,8,0,yes
t0_gearhead_engine_pro_rarerarity,0x66F0AA8E,1727048334,gearhead,engine,pro,rarerarity,3,7,11,11,0,yes
t0_gearhead_engine_pro_uncommonrarity,0xF64FDA7A,4132428410,gearhead,engine,pro,uncommonrarity,2,6,10,10,0,yes
t0_gearhead_engine_race_commonrarity,0xF4CD979C,4107114396,gearhead,engine,race,commonrarity,1,3,6,6,0,yes
t0_gearhead_engine_race_eliterarity,0xBFA649F9,3215346169,gearhead,engine,race,eliterarity,4,6,9,9,0,yes
t0_gearhead_engine_race_greyrarity,0xDB2240AC,3676455084,gearhead,engine,race,greyrarity,0,3,5,5,0,yes
t0_gearhead_engine_race_rarerarity,0xE504273B,3842254651,gearhead,engine,race,rarerarity,3,5,8,8,0,yes
t0_gearhead_engine_race_uncommonrarity,0xCB846BE1,3414453217,gearhead,engine,race,uncommonrarity,2,4,7,7,0,yes
t0_gearhead_engine_street_commonrarity,0x37F824AC,939009196,gearhead,engine,street,commonrarity,1,1,3,3,0,yes
t0_gearhead_engine_street_eliterarity,0xB0F38419,2968749081,gearhead,engine,street,eliterarity,4,4,6,6,0,yes
t0_gearhead_engine_street_greyrarity,0x2EB805EA,783812074,gearhead,engine,street,greyrarity,0,1,2,2,0,yes
t0_gearhead_engine_street_rarerarity,0x810735F8,2164733432,gearhead,engine,street,rarerarity,3,3,5,5,0,yes
t0_gearhead_engine_street_uncommonrarity,0xEB169D6A,3944127850,gearhead,engine,street,uncommonrarity,2,2,4,4,0,yes
t0_gearhead_engine_uber_commonrarity,0xC051A2D4,3226575572,gearhead,engine,uber,commonrarity,1,7,12,12,0,yes
t0_gearhead_engine_uber_eliterarity,0x960BBA34,2517350964,gearhead,engine,uber,eliterarity,4,10,15,15,0,yes
t0_gearhead_engine_uber_greyrarity,0x48C2C13A,1220723002,gearhead,engine,uber,greyrarity,0,6,11,11,0,yes
t0_gearhead_engine_uber_rarerarity,0xF238027E,4063756926,gearhead,engine,uber,rarerarity,3,9,14,14,0,yes
t0_gearhead_engine_uber_uncommonrarity,0xFAF7D202,4210545154,gearhead,engine,uber,uncommonrarity,2,8,13,13,0,yes
t0_gearhead_forcedinduction_elite_commonrarity,0xD1E482A2,3521413794,gearhead,forcedinduction,elite,commonrarity,1,10,11,11,0,yes
t0_gearhead_forcedinduction_elite_greyrarity,0x90325BE2,2419219426,gearhead,forcedinduction,elite,greyrarity,0,10,10,10,0,yes
t0_gearhead_forcedinduction_elite_uncommonrarity,0x65270660,1697056352,gearhead,forcedinduction,elite,uncommonrarity,2,10,12,12,0,yes
t0_gearhead_forcedinduction_pro_commonrarity,0x860B9371,2248905585,gearhead,forcedinduction,pro,commonrarity,1,5,6,6,0,yes
t0_gearhead_forcedinduction_pro_eliterarity,0x40EDD853,1089329235,gearhead,forcedinduction,pro,eliterarity,4,8,8,8,0,yes
t0_gearhead_forcedinduction_pro_greyrarity,0x5C20C51C,1545651484,gearhead,forcedinduction,pro,greyrarity,0,4,6,6,0,yes
t0_gearhead_forcedinduction_pro_rarerarity,0x00146AD7,1338071,gearhead,forcedinduction,pro,rarerarity,3,7,8,8,0,yes
t0_gearhead_forcedinduction_pro_uncommonrarity,0x43F227AF,1139943343,gearhead,forcedinduction,pro,uncommonrarity,2,6,7,7,0,yes
t0_gearhead_forcedinduction_race_commonrarity,0xB27AD697,2994394775,gearhead,forcedinduction,race,commonrarity,1,3,4,4,0,yes
t0_gearhead_forcedinduction_race_eliterarity,0x31673105,828846341,gearhead,forcedinduction,race,eliterarity,4,6,6,6,0,yes
t0_gearhead_forcedinduction_race_greyrarity,0xFC157BCE,4229266382,gearhead,forcedinduction,race,greyrarity,0,3,4,4,0,yes
t0_gearhead_forcedinduction_race_rarerarity,0x7F77AD49,2138549577,gearhead,forcedinduction,race,rarerarity,3,5,6,6,0,yes
t0_gearhead_forcedinduction_race_uncommonrarity,0xD59AD128,3583693096,gearhead,forcedinduction,race,uncommonrarity,2,4,5,5,0,yes
t0_gearhead_forcedinduction_street_commonrarity,0xD5086E71,3574099569,gearhead,forcedinduction,street,commonrarity,1,1,2,2,0,yes
t0_gearhead_forcedinduction_street_eliterarity,0x0181D223,25285155,gearhead,forcedinduction,street,eliterarity,4,4,4,4,0,yes
t0_gearhead_forcedinduction_street_greyrarity,0xC2B891A8,3266875816,gearhead,forcedinduction,street,greyrarity,0,1,1,1,0,yes
t0_gearhead_forcedinduction_street_rarerarity,0x65F1FE91,1710358161,gearhead,forcedinduction,street,rarerarity,3,3,4,4,0,yes
t0_gearhead_forcedinduction_street_uncommonrarity,0x91DEF8E8,2447309032,gearhead,forcedinduction,street,uncommonrarity,2,2,3,3,0,yes
t0_gearhead_forcedinduction_uber_commonrarity,0x40276DFD,1076325885,gearhead,forcedinduction,uber,commonrarity,1,7,8,8,0,yes
t0_gearhead_forcedinduction_uber_eliterarity,0xBB4AAA93,3142232723,gearhead,forcedinduction,uber,eliterarity,4,10,10,10,0,yes
t0_gearhead_forcedinduction_uber_greyrarity,0x96DFAE51,2531241553,gearhead,forcedinduction,uber,greyrarity,0,6,8,8,0,yes
t0_gearhead_forcedinduction_uber_rarerarity,0xEFE13993,4024514963,gearhead,forcedinduction,uber,rarerarity,3,9,10,10,0,yes
t0_gearhead_forcedinduction_uber_uncommonrarity,0x91F8026E,2448949870,gearhead,forcedinduction,uber,uncommonrarity,2,8,9,9,0,yes
t0_gearhead_miscparts_pro_commonrarity,0xF1A81F40,4054327104,gearhead,miscparts,pro,commonrarity,1,5,0,0,0,no
t0_gearhead_miscparts_pro_eliterarity,0xB759EAFC,3076123388,gearhead,miscparts,pro,eliterarity,4,8,0,0,0,no
t0_gearhead_miscparts_pro_greyrarity,0x63497A3E,1665759806,gearhead,miscparts,pro,greyrarity,0,4,0,0,0,no
t0_gearhead_miscparts_pro_rarerarity,0x0B01E976,184674678,gearhead,miscparts,pro,rarerarity,3,7,0,0,0,no
t0_gearhead_miscparts_pro_uncommonrarity,0xDF8E4467,3750642791,gearhead,miscparts,pro,uncommonrarity,2,6,0,0,0,no
t0_gearhead_miscparts_race_commonrarity,0x2522ECE7,623045863,gearhead,miscparts,race,commonrarity,1,3,0,0,0,no
t0_gearhead_miscparts_race_eliterarity,0x4DF2940A,1307743242,gearhead,miscparts,race,eliterarity,4,6,0,0,0,no
t0_gearhead_miscparts_race_greyrarity,0x62F0422A,1659912746,gearhead,miscparts,race,greyrarity,0,3,0,0,0,no
t0_gearhead_miscparts_race_rarerarity,0xD18C3F9C,3515629468,gearhead,miscparts,race,rarerarity,3,5,0,0,0,no
t0_gearhead_miscparts_race_uncommonrarity,0x6358566A,1666733674,gearhead,miscparts,race,uncommonrarity,2,4,0,0,0,no
t0_gearhead_miscparts_street_commonrarity,0xD31E6861,3541985377,gearhead,miscparts,street,commonrarity,1,1,0,0,0,no
t0_gearhead_miscparts_street_eliterarity,0x25D884E5,634946789,gearhead,miscparts,street,eliterarity,4,4,0,0,0,no
t0_gearhead_miscparts_street_greyrarity,0xA1DF04DE,2715747550,gearhead,miscparts,street,greyrarity,0,1,0,0,0,no
t0_gearhead_miscparts_street_rarerarity,0xCCB72479,3434554489,gearhead,miscparts,street,rarerarity,3,3,0,0,0,no
t0_gearhead_miscparts_street_uncommonrarity,0x0D0DDDB9,219012537,gearhead,miscparts,street,uncommonrarity,2,2,0,0,0,no
t0_gearhead_miscparts_uber_commonrarity,0xE20BCF05,3792424709,gearhead,miscparts,uber,commonrarity,1,7,0,0,0,no
t0_gearhead_miscparts_uber_eliterarity,0x80CFEA79,2161109625,gearhead,miscparts,uber,eliterarity,4,10,0,0,0,no
t0_gearhead_miscparts_uber_greyrarity,0x4F0AD03B,1326108731,gearhead,miscparts,uber,greyrarity,0,6,0,0,0,no
t0_gearhead_miscparts_uber_rarerarity,0xA2D505AD,2731869613,gearhead,miscparts,uber,rarerarity,3,9,0,0,0,no
t0_gearhead_miscparts_uber_uncommonrarity,0x2A28674D,707290957,gearhead,miscparts,uber,uncommonrarity,2,8,0,0,0,no
t0_gearhead_suspension_elite_commonrarity,0xD345406A,3544531050,gearhead,suspension,elite,commonrarity,1,10,7,6,14,yes
t0_gearhead_suspension_elite_greyrarity,0xCEB5C1AF,3468018095,gearhead,suspension,elite,greyrarity,0,10,6,5,14,yes
t0_gearhead_suspension_elite_uncommonrarity,0x48678B64,1214745444,gearhead,suspension,elite,uncommonrarity,2,10,7,7,15,yes
t0_gearhead_suspension_pro_commonrarity,0x724EBE8C,1917763212,gearhead,suspension,pro,commonrarity,1,5,4,4,9,yes
t0_gearhead_suspension_pro_eliterarity,0x32D2B22C,852668972,gearhead,suspension,pro,eliterarity,4,8,5,5,12,yes
t0_gearhead_suspension_pro_greyrarity,0x97DCCE30,2547830320,gearhead,suspension,pro,greyrarity,0,4,3,3,8,yes
t0_gearhead_suspension_pro_rarerarity,0x8F03A82E,2399381550,gearhead,suspension,pro,rarerarity,3,7,4,4,11,yes
t0_gearhead_suspension_pro_uncommonrarity,0xD8B58F4A,3635777354,gearhead,suspension,pro,uncommonrarity,2,6,4,4,10,yes
t0_gearhead_suspension_race_commonrarity,0xD65F8463,3596584035,gearhead,suspension,race,commonrarity,1,3,3,3,6,yes
t0_gearhead_suspension_race_eliterarity,0x0F838B39,260279097,gearhead,suspension,race,eliterarity,4,6,4,4,9,yes
t0_gearhead_suspension_race_greyrarity,0xBF99EFD3,3214536659,gearhead,suspension,race,greyrarity,0,3,2,2,5,yes
t0_gearhead_suspension_race_rarerarity,0x7059ED69,1884941673,gearhead,suspension,race,rarerarity,3,5,3,3,8,yes
t0_gearhead_suspension_race_uncommonrarity,0xA16D7D22,2708307234,gearhead,suspension,race,uncommonrarity,2,4,3,3,7,yes
t0_gearhead_suspension_street_commonrarity,0xDCDDEB0B,3705531147,gearhead,suspension,street,commonrarity,1,1,1,1,3,yes
t0_gearhead_suspension_street_eliterarity,0xD2D5E5A9,3537233321,gearhead,suspension,street,eliterarity,4,4,3,3,6,yes
t0_gearhead_suspension_street_greyrarity,0xF48DD0E3,4102934755,gearhead,suspension,street,greyrarity,0,1,0,0,2,yes
t0_gearhead_suspension_street_rarerarity,0x51939C57,1368628311,gearhead,suspension,street,rarerarity,3,3,2,2,5,yes
t0_gearhead_suspension_street_uncommonrarity,0xAC6E2F89,2892902281,gearhead,suspension,street,uncommonrarity,2,2,2,2,4,yes
t0_gearhead_suspension_uber_commonrarity,0x10074CEF,268913903,gearhead,suspension,uber,commonrarity,1,7,5,5,12,yes
t0_gearhead_suspension_uber_eliterarity,0x0EC6D3A7,247911335,gearhead,suspension,uber,eliterarity,4,10,5,5,15,yes
t0_gearhead_suspension_uber_greyrarity,0x23E50BBD,602213309,gearhead,suspension,uber,greyrarity,0,6,4,4,11,yes
t0_gearhead_suspension_uber_rarerarity,0xB8638BEF,3093531631,gearhead,suspension,uber,rarerarity,3,9,5,5,14,yes
t0_gearhead_suspension_uber_uncommonrarity,0x30EB9B77,820747127,gearhead,suspension,uber,uncommonrarity,2,8,5,5,13,yes
t0_gearhead_tires_elite_commonrarity,0x12E61E56,317070934,gearhead,tires,elite,commonrarity,1,10,6,10,15,yes
t0_gearhead_tires_elite_greyrarity,0x85553DBD,2236956093,gearhead,tires,elite,greyrarity,0,10,6,9,14,yes
t0_gearhead_tires_elite_uncommonrarity,0x3DF118E9,1039210729,gearhead,tires,elite,uncommonrarity,2,10,7,11,15,yes
t0_gearhead_tires_pro_commonrarity,0xD1BA956C,3518666092,gearhead,tires,pro,commonrarity,1,5,4,6,9,yes
t0_gearhead_tires_pro_eliterarity,0x19E6A58B,434546059,gearhead,tires,pro,eliterarity,4,8,5,8,12,yes
t0_gearhead_tires_pro_greyrarity,0xC37A2DA4,3279564196,gearhead,tires,pro,greyrarity,0,4,3,6,8,yes
t0_gearhead_tires_pro_rarerarity,0x0AF54EFE,183848702,gearhead,tires,pro,rarerarity,3,7,4,8,11,yes
t0_gearhead_tires_pro_uncommonrarity,0x02725F9B,41050011,gearhead,tires,pro,uncommonrarity,2,6,4,7,10,yes
t0_gearhead_tires_race_commonrarity,0xEDD630B9,3990237369,gearhead,tires,race,commonrarity,1,3,3,4,6,yes
t0_gearhead_tires_race_eliterarity,0x9C59BA60,2623126112,gearhead,tires,race,eliterarity,4,6,4,6,9,yes
t0_gearhead_tires_race_greyrarity,0xFC8F81E8,4237263336,gearhead,tires,race,greyrarity,0,3,2,4,5,yes
t0_gearhead_tires_race_rarerarity,0x8B1C21EB,2333876715,gearhead,tires,race,rarerarity,3,5,3,6,8,yes
t0_gearhead_tires_race_uncommonrarity,0xAAA5143E,2862945342,gearhead,tires,race,uncommonrarity,2,4,3,5,7,yes
t0_gearhead_tires_street_commonrarity,0x68819A61,1753324129,gearhead,tires,street,commonrarity,1,1,1,2,3,yes
t0_gearhead_tires_street_eliterarity,0xCCB5B133,3434459443,gearhead,tires,street,eliterarity,4,4,3,4,6,yes
t0_gearhead_tires_street_greyrarity,0x0C206FC1,203452353,gearhead,tires,street,greyrarity,0,1,0,1,2,yes
t0_gearhead_tires_street_rarerarity,0x991E7203,2568909315,gearhead,tires,street,rarerarity,3,3,2,4,5,yes
t0_gearhead_tires_street_uncommonrarity,0xFF69CF03,4285124355,gearhead,tires,street,uncommonrarity,2,2,2,3,4,yes
t0_gearhead_tires_uber_commonrarity,0x3A54346F,978596975,gearhead,tires,uber,commonrarity,1,7,5,8,12,yes
t0_gearhead_tires_uber_eliterarity,0x3CCE8C9B,1020169371,gearhead,tires,uber,eliterarity,4,10,5,10,15,yes
t0_gearhead_tires_uber_greyrarity,0xA6558790,2790623120,gearhead,tires,uber,greyrarity,0,6,4,8,11,yes
t0_gearhead_tires_uber_rarerarity,0x3FAFC88D,1068484749,gearhead,tires,uber,rarerarity,3,9,5,10,14,yes
t0_gearhead_tires_uber_uncommonrarity,0x66F5D1AC,1727386028,gearhead,tires,uber,uncommonrarity,2,8,5,9,13,yes
t0_gearhead_transmission_elite_commonrarity,0x240CE0F2,604823794,gearhead,transmission,elite,commonrarity,1,10,15,10,6,yes
t0_gearhead_transmission_elite_greyrarity,0x85C816E8,2244482792,gearhead,transmission,elite,greyrarity,0,10,14,9,6,yes
t0_gearhead_transmission_elite_uncommonrarity,0xA8E33C4F,2833464399,gearhead,transmission,elite,uncommonrarity,2,10,15,11,7,yes
t0_gearhead_transmission_pro_commonrarity,0x274C8E74,659328628,gearhead,transmission,pro,commonrarity,1,5,9,6,4,yes
t0_gearhead_transmission_pro_eliterarity,0xD4188C31,3558378545,gearhead,transmission,pro,eliterarity,4,8,12,8,5,yes
t0_gearhead_transmission_pro_greyrarity,0x2CFF6EAE,754937518,gearhead,transmission,pro,greyrarity,0,4,8,6,3,yes
t0_gearhead_transmission_pro_rarerarity,0x2F12037D,789709693,gearhead,transmission,pro,rarerarity,3,7,11,8,4,yes
t0_gearhead_transmission_pro_uncommonrarity,0x0ACBA248,181117512,gearhead,transmission,pro,uncommonrarity,2,6,10,7,4,yes
t0_gearhead_transmission_race_commonrarity,0xB6691796,3060340630,gearhead,transmission,race,commonrarity,1,3,6,4,3,yes
t0_gearhead_transmission_race_eliterarity,0xE7DBDDBD,3889946045,gearhead,transmission,race,eliterarity,4,6,9,6,4,yes
t0_gearhead_transmission_race_greyrarity,0x777AF7A3,2004547491,gearhead,transmission,race,greyrarity,0,3,5,4,2,yes
t0_gearhead_transmission_race_rarerarity,0xE7D92689,3889768073,gearhead,transmission,race,rarerarity,3,5,8,6,3,yes
t0_gearhead_transmission_race_uncommonrarity,0xA7AEA402,2813240322,gearhead,transmission,race,uncommonrarity,2,4,7,5,3,yes
t0_gearhead_transmission_street_commonrarity,0xDAE9C206,3672752646,gearhead,transmission,street,commonrarity,1,1,3,2,1,yes
t0_gearhead_transmission_street_eliterarity,0x90C521FF,2428838399,gearhead,transmission,street,eliterarity,4,4,6,4,3,yes
t0_gearhead_transmission_street_greyrarity,0x522F2BCB,1378823115,gearhead,transmission,street,greyrarity,0,1,2,1,0,yes
t0_gearhead_transmission_street_rarerarity,0xB642396C,3057793388,gearhead,transmission,street,rarerarity,3,3,5,4,2,yes
t0_gearhead_transmission_street_uncommonrarity,0xC8E851E6,3370668518,gearhead,transmission,street,uncommonrarity,2,2,4,3,2,yes
t0_gearhead_transmission_uber_commonrarity,0x356D3F8D,896352141,gearhead,transmission,uber,commonrarity,1,7,12,8,5,yes
t0_gearhead_transmission_uber_eliterarity,0x2A213F18,706821912,gearhead,transmission,uber,eliterarity,4,10,15,10,5,yes
t0_gearhead_transmission_uber_greyrarity,0x1652BF11,374521617,gearhead,transmission,uber,greyrarity,0,6,11,8,4,yes
t0_gearhead_transmission_uber_rarerarity,0x97B99635,2545522229,gearhead,transmission,uber,rarerarity,3,9,14,10,5,yes
t0_gearhead_transmission_uber_uncommonrarity,0x006D30E8,7155944,gearhead,transmission,uber,uncommonrarity,2,8,13,9,5,yes
t0_pistonhead_brakes_elite_commonrarity,0xCEE6C301,3471229697,pistonhead,brakes,elite,commonrarity,1,10,0,0,11,yes
t0_pistonhead_brakes_elite_greyrarity,0xC2E2AE08,3269635592,pistonhead,brakes,elite,greyrarity,0,10,0,0,10,yes
t0_pistonhead_brakes_elite_uncommonrarity,0x55E18C32,1440844850,pistonhead,brakes,elite,uncommonrarity,2,10,0,0,12,yes
t0_pistonhead_brakes_pro_commonrarity,0xDAE38E35,3672346165,pistonhead,brakes,pro,commonrarity,1,5,0,0,6,yes
t0_pistonhead_brakes_pro_eliterarity,0x53C4BF28,1405402920,pistonhead,brakes,pro,eliterarity,4,8,0,0,8,yes
t0_pistonhead_brakes_pro_greyrarity,0x92EADD99,2464865689,pistonhead,brakes,pro,greyrarity,0,4,0,0,6,yes
t0_pistonhead_brakes_pro_rarerarity,0x860CE962,2248993122,pistonhead,brakes,pro,rarerarity,3,7,0,0,8,yes
t0_pistonhead_brakes_pro_uncommonrarity,0x0D9D697A,228419962,pistonhead,brakes,pro,uncommonrarity,2,6,0,0,7,yes
t0_pistonhead_brakes_race_commonrarity,0xE5BE7ADB,3854465755,pistonhead,brakes,race,commonrarity,1,3,0,0,4,yes
t0_pistonhead_brakes_race_eliterarity,0xCC18301D,3424137245,pistonhead,brakes,race,eliterarity,4,6,0,0,6,yes
t0_pistonhead_brakes_race_greyrarity,0x3EF63621,1056323105,pistonhead,brakes,race,greyrarity,0,3,0,0,4,yes
t0_pistonhead_brakes_race_rarerarity,0x60DAC146,1624949062,pistonhead,brakes,race,rarerarity,3,5,0,0,6,yes
t0_pistonhead_brakes_race_uncommonrarity,0x47763D58,1198931288,pistonhead,brakes,race,uncommonrarity,2,4,0,0,5,yes
t0_pistonhead_brakes_street_commonrarity,0xC2AB61F2,3266011634,pistonhead,brakes,street,commonrarity,1,1,0,0,2,yes
t0_pistonhead_brakes_street_eliterarity,0xC2ED60BE,3270336702,pistonhead,brakes,street,eliterarity,4,4,0,0,4,yes
t0_pistonhead_brakes_street_greyrarity,0xCA49149B,3393787035,pistonhead,brakes,street,greyrarity,0,1,0,0,1,yes
t0_pistonhead_brakes_street_rarerarity,0x37B3478C,934496140,pistonhead,brakes,street,rarerarity,3,3,0,0,4,yes
t0_pistonhead_brakes_street_uncommonrarity,0xC00C5FFC,3222036476,pistonhead,brakes,street,uncommonrarity,2,2,0,0,3,yes
t0_pistonhead_brakes_uber_commonrarity,0xB674DFE6,3061112806,pistonhead,brakes,uber,commonrarity,1,7,0,0,8,yes
t0_pistonhead_brakes_uber_eliterarity,0x5C6B0D25,1550519589,pistonhead,brakes,uber,eliterarity,4,10,0,0,10,yes
t0_pistonhead_brakes_uber_greyrarity,0xCF8398E0,3481508064,pistonhead,brakes,uber,greyrarity,0,6,0,0,8,yes
t0_pistonhead_brakes_uber_rarerarity,0x3B9C1AD1,1000086225,pistonhead,brakes,uber,rarerarity,3,9,0,0,10,yes
t0_pistonhead_brakes_uber_uncommonrarity,0x41E94700,1105807104,pistonhead,brakes,uber,uncommonrarity,2,8,0,0,9,yes
t0_pistonhead_engine_elite_commonrarity,0x061A26CD,102377165,pistonhead,engine,elite,commonrarity,1,10,20,12,0,yes
t0_pistonhead_engine_elite_greyrarity,0xA1A9130D,2712212237,pistonhead,engine,elite,greyrarity,0,10,18,11,0,yes
t0_pistonhead_engine_elite_uncommonrarity,0xF0CE86C0,4040066752,pistonhead,engine,elite,uncommonrarity,2,10,22,13,0,yes
t0_pistonhead_engine_pro_commonrarity,0x67406AD9,1732274905,pistonhead,engine,pro,commonrarity,1,5,12,6,0,yes
t0_pistonhead_engine_pro_eliterarity,0x299F4216,698302998,pistonhead,engine,pro,eliterarity,4,8,16,8,0,yes
t0_pistonhead_engine_pro_greyrarity,0x23A3F848,597948488,pistonhead,engine,pro,greyrarity,0,4,10,6,0,yes
t0_pistonhead_engine_pro_rarerarity,0x29EF092F,703531311,pistonhead,engine,pro,rarerarity,3,7,14,8,0,yes
t0_pistonhead_engine_pro_uncommonrarity,0xA7F3253B,2817729851,pistonhead,engine,pro,uncommonrarity,2,6,13,7,0,yes
t0_pistonhead_engine_race_commonrarity,0x469F55CA,1184847306,pistonhead,engine,race,commonrarity,1,3,8,4,0,yes
t0_pistonhead_engine_race_eliterarity,0x517B9967,1367054695,pistonhead,engine,race,eliterarity,4,6,12,6,0,yes
t0_pistonhead_engine_race_greyrarity,0x843A94C4,2218431684,pistonhead,engine,race,greyrarity,0,3,6,4,0,yes
t0_pistonhead_engine_race_rarerarity,0x0EE1AA36,249670198,pistonhead,engine,race,rarerarity,3,5,10,6,0,yes
t0_pistonhead_engine_race_uncommonrarity,0xDC65FC5A,3697671258,pistonhead,engine,race,uncommonrarity,2,4,9,5,0,yes
t0_pistonhead_engine_street_commonrarity,0xF1855D17,4052049175,pistonhead,engine,street,commonrarity,1,1,4,2,0,yes
t0_pistonhead_engine_street_eliterarity,0xD2A169B5,3533793717,pistonhead,engine,street,eliterarity,4,4,8,4,0,yes
t0_pistonhead_engine_street_greyrarity,0x366C4A39,913066553,pistonhead,engine,street,greyrarity,0,1,3,1,0,yes
t0_pistonhead_engine_street_rarerarity,0x04AF5C6F,78601327,pistonhead,engine,street,rarerarity,3,3,6,4,0,yes
t0_pistonhead_engine_street_uncommonrarity,0xC40D47F4,3289204724,pistonhead,engine,street,uncommonrarity,2,2,5,3,0,yes
t0_pistonhead_engine_uber_commonrarity,0xE72D9D7C,3878526332,pistonhead,engine,uber,commonrarity,1,7,16,8,0,yes
t0_pistonhead_engine_uber_eliterarity,0xBFC376B8,3217258168,pistonhead,engine,uber,eliterarity,4,10,20,10,0,yes
t0_pistonhead_engine_uber_greyrarity,0x36B9999F,918133151,pistonhead,engine,uber,greyrarity,0,6,14,8,0,yes
t0_pistonhead_engine_uber_rarerarity,0x4D30A5F2,1295033842,pistonhead,engine,uber,rarerarity,3,9,18,10,0,yes
t0_pistonhead_engine_uber_uncommonrarity,0xF516782D,4111890477,pistonhead,engine,uber,uncommonrarity,2,8,17,9,0,yes
t0_pistonhead_forcedinduction_elite_commonrarity,0x1BCDD729,466474793,pistonhead,forcedinduction,elite,commonrarity,1,10,15,11,0,yes
t0_pistonhead_forcedinduction_elite_greyrarity,0x686716C6,1751586502,pistonhead,forcedinduction,elite,greyrarity,0,10,14,10,0,yes
t0_pistonhead_forcedinduction_elite_uncommonrarity,0xD36DEB76,3547196278,pistonhead,forcedinduction,elite,uncommonrarity,2,10,16,12,0,yes
t0_pistonhead_forcedinduction_pro_commonrarity,0x5E2442E7,1579434727,pistonhead,forcedinduction,pro,commonrarity,1,5,9,6,0,yes
t0_pistonhead_forcedinduction_pro_eliterarity,0x54003C64,1409301604,pistonhead,forcedinduction,pro,eliterarity,4,8,12,8,0,yes
t0_pistonhead_forcedinduction_pro_greyrarity,0xB509A2B3,3037307571,pistonhead,forcedinduction,pro,greyrarity,0,4,8,6,0,yes
t0_pistonhead_forcedinduction_pro_rarerarity,0xA2B16F66,2729537382,pistonhead,forcedinduction,pro,rarerarity,3,7,11,8,0,yes
t0_pistonhead_forcedinduction_pro_uncommonrarity,0x8FDAEF9F,2413490079,pistonhead,forcedinduction,pro,uncommonrarity,2,6,10,7,0,yes
t0_pistonhead_forcedinduction_race_commonrarity,0x0358F7B5,56162229,pistonhead,forcedinduction,race,commonrarity,1,3,6,4,0,yes
t0_pistonhead_forcedinduction_race_eliterarity,0xBEFB708E,3204149390,pistonhead,forcedinduction,race,eliterarity,4,6,9,6,0,yes
t0_pistonhead_forcedinduction_race_greyrarity,0x606E3CA6,1617837222,pistonhead,forcedinduction,race,greyrarity,0,3,5,4,0,yes
t0_pistonhead_forcedinduction_race_rarerarity,0x959B03FF,2509964287,pistonhead,forcedinduction,race,rarerarity,3,5,8,6,0,yes
t0_pistonhead_forcedinduction_race_uncommonrarity,0x59AB3B5E,1504394078,pistonhead,forcedinduction,race,uncommonrarity,2,4,7,5,0,yes
t0_pistonhead_forcedinduction_street_commonrarity,0x1ABB5BEF,448486383,pistonhead,forcedinduction,street,commonrarity,1,1,3,2,0,yes
t0_pistonhead_forcedinduction_street_eliterarity,0x17477699,390559385,pistonhead,forcedinduction,street,eliterarity,4,4,6,4,0,yes
t0_pistonhead_forcedinduction_street_greyrarity,0x32F7773C,855078716,pistonhead,forcedinduction,street,greyrarity,0,1,2,1,0,yes
t0_pistonhead_forcedinduction_street_rarerarity,0x8FE1A153,2413928787,pistonhead,forcedinduction,street,rarerarity,3,3,5,4,0,yes
t0_pistonhead_forcedinduction_street_uncommonrarity,0x85F7D7CF,2247612367,pistonhead,forcedinduction,street,uncommonrarity,2,2,4,3,0,yes
t0_pistonhead_forcedinduction_uber_commonrarity,0xD1D7BA33,3520576051,pistonhead,forcedinduction,uber,commonrarity,1,7,12,8,0,yes
t0_pistonhead_forcedinduction_uber_eliterarity,0x2CB3C0A3,749977763,pistonhead,forcedinduction,uber,eliterarity,4,10,15,10,0,yes
t0_pistonhead_forcedinduction_uber_greyrarity,0xAEDBC570,2933638512,pistonhead,forcedinduction,uber,greyrarity,0,6,11,8,0,yes
t0_pistonhead_forcedinduction_uber_rarerarity,0x15027812,352483346,pistonhead,forcedinduction,uber,rarerarity,3,9,14,10,0,yes
t0_pistonhead_forcedinduction_uber_uncommonrarity,0xE0465AF5,3762707189,pistonhead,forcedinduction,uber,uncommonrarity,2,8,13,9,0,yes
t0_pistonhead_miscparts_pro_commonrarity,0x08CF3E5D,147799645,pistonhead,miscparts,pro,commonrarity,1,5,0,0,0,no
t0_pistonhead_miscparts_pro_eliterarity,0xA95D70CC,2841473228,pistonhead,miscparts,pro,eliterarity,4,8,0,0,0,no
t0_pistonhead_miscparts_pro_greyrarity,0x88C490AF,2294583471,pistonhead,miscparts,pro,greyrarity,0,4,0,0,0,no
t0_pistonhead_miscparts_pro_rarerarity,0x6931A9CF,1764862415,pistonhead,miscparts,pro,rarerarity,3,7,0,0,0,no
t0_pistonhead_miscparts_pro_uncommonrarity,0xF9C5A0CC,4190478540,pistonhead,miscparts,pro,uncommonrarity,2,6,0,0,0,no
t0_pistonhead_miscparts_race_commonrarity,0x7CAE56B4,2091800244,pistonhead,miscparts,race,commonrarity,1,3,0,0,0,no
t0_pistonhead_miscparts_race_eliterarity,0x0863678C,140732300,pistonhead,miscparts,race,eliterarity,4,6,0,0,0,no
t0_pistonhead_miscparts_race_greyrarity,0x1B840C42,461638722,pistonhead,miscparts,race,greyrarity,0,3,0,0,0,no
t0_pistonhead_miscparts_race_rarerarity,0x29D64343,701907779,pistonhead,miscparts,race,rarerarity,3,5,0,0,0,no
t0_pistonhead_miscparts_race_uncommonrarity,0x8FB0885A,2410711130,pistonhead,miscparts,race,uncommonrarity,2,4,0,0,0,no
t0_pistonhead_miscparts_street_commonrarity,0x33C34CBD,868437181,pistonhead,miscparts,street,commonrarity,1,1,0,0,0,no
t0_pistonhead_miscparts_street_eliterarity,0x348EEF18,881782552,pistonhead,miscparts,street,eliterarity,4,4,0,0,0,no
t0_pistonhead_miscparts_street_greyrarity,0x100319BB,268638651,pistonhead,miscparts,street,greyrarity,0,1,0,0,0,no
t0_pistonhead_miscparts_street_rarerarity,0xD87CF1A4,3632066980,pistonhead,miscparts,street,rarerarity,3,3,0,0,0,no
t0_pistonhead_miscparts_street_uncommonrarity,0x6FDEE91D,1876879645,pistonhead,miscparts,street,uncommonrarity,2,2,0,0,0,no
t0_pistonhead_miscparts_uber_commonrarity,0x3DFD44AC,1040008364,pistonhead,miscparts,uber,commonrarity,1,7,0,0,0,no
t0_pistonhead_miscparts_uber_eliterarity,0x85BE8878,2243856504,pistonhead,miscparts,uber,eliterarity,4,10,0,0,0,no
t0_pistonhead_miscparts_uber_greyrarity,0x7DD2F367,2110976871,pistonhead,miscparts,uber,greyrarity,0,6,0,0,0,no
t0_pistonhead_miscparts_uber_rarerarity,0xDEFD4EA3,3741142691,pistonhead,miscparts,uber,rarerarity,3,9,0,0,0,no
t0_pistonhead_miscparts_uber_uncommonrarity,0x098E1396,160306070,pistonhead,miscparts,uber,uncommonrarity,2,8,0,0,0,no
t0_pistonhead_suspension_elite_commonrarity,0xC9AC5AB9,3383515833,pistonhead,suspension,elite,commonrarity,1,10,14,7,10,yes
t0_pistonhead_suspension_elite_greyrarity,0xCBBF4F8D,3418312589,pistonhead,suspension,elite,greyrarity,0,10,14,6,9,yes
t0_pistonhead_suspension_elite_uncommonrarity,0x8FCC4B27,2412530471,pistonhead,suspension,elite,uncommonrarity,2,10,15,7,11,yes
t0_pistonhead_suspension_pro_commonrarity,0x965A1CCC,2522488012,pistonhead,suspension,pro,commonrarity,1,5,6,4,9,yes
t0_pistonhead_suspension_pro_eliterarity,0xA610AAA8,2786110120,pistonhead,suspension,pro,eliterarity,4,8,8,5,12,yes
t0_pistonhead_suspension_pro_greyrarity,0xFFE516BA,4293203642,pistonhead,suspension,pro,greyrarity,0,4,6,3,8,yes
t0_pistonhead_suspension_pro_rarerarity,0xFEBCEF4C,4273794892,pistonhead,suspension,pro,rarerarity,3,7,8,4,11,yes
t0_pistonhead_suspension_pro_uncommonrarity,0xBF5733D6,3210163158,pistonhead,suspension,pro,uncommonrarity,2,6,7,4,10,yes
t0_pistonhead_suspension_race_commonrarity,0xD64B767C,3595269756,pistonhead,suspension,race,commonrarity,1,3,4,3,6,yes
t0_pistonhead_suspension_race_eliterarity,0xF5F82592,4126680466,pistonhead,suspension,race,eliterarity,4,6,6,4,9,yes
t0_pistonhead_suspension_race_greyrarity,0x9D6E80A3,2641264803,pistonhead,suspension,race,greyrarity,0,3,4,2,5,yes
t0_pistonhead_suspension_race_rarerarity,0x59FABE74,1509604980,pistonhead,suspension,race,rarerarity,3,5,6,3,8,yes
t0_pistonhead_suspension_race_uncommonrarity,0xC16C957D,3245118845,pistonhead,suspension,race,uncommonrarity,2,4,5,3,7,yes
t0_pistonhead_suspension_street_commonrarity,0x5A7C79CB,1518107083,pistonhead,suspension,street,commonrarity,1,1,2,1,3,yes
t0_pistonhead_suspension_street_eliterarity,0xFCAEE3DF,4239320031,pistonhead,suspension,street,eliterarity,4,4,4,3,6,yes
t0_pistonhead_suspension_street_greyrarity,0x45D509E7,1171589607,pistonhead,suspension,street,greyrarity,0,1,1,0,2,yes
t0_pistonhead_suspension_street_rarerarity,0x8E0404CE,2382628046,pistonhead,suspension,street,rarerarity,3,3,4,2,5,yes
t0_pistonhead_suspension_street_uncommonrarity,0xC1959D5A,3247807834,pistonhead,suspension,street,uncommonrarity,2,2,3,2,4,yes
t0_pistonhead_suspension_uber_commonrarity,0x2CF651D8,754340312,pistonhead,suspension,uber,commonrarity,1,7,8,5,12,yes
t0_pistonhead_suspension_uber_eliterarity,0x81F30875,2180188277,pistonhead,suspension,uber,eliterarity,4,10,10,5,15,yes
t0_pistonhead_suspension_uber_greyrarity,0xED6560FF,3982844159,pistonhead,suspension,uber,greyrarity,0,6,8,4,11,yes
t0_pistonhead_suspension_uber_rarerarity,0x111F796B,287275371,pistonhead,suspension,uber,rarerarity,3,9,10,5,14,yes
t0_pistonhead_suspension_uber_uncommonrarity,0x91CB787C,2446030972,pistonhead,suspension,uber,uncommonrarity,2,8,9,5,13,yes
t0_pistonhead_tires_elite_commonrarity,0xD49C48AE,3567012014,pistonhead,tires,elite,commonrarity,1,10,7,6,10,yes
t0_pistonhead_tires_elite_greyrarity,0x4DC09294,1304466068,pistonhead,tires,elite,greyrarity,0,10,6,6,9,yes
t0_pistonhead_tires_elite_uncommonrarity,0xF10F25AE,4044301742,pistonhead,tires,elite,uncommonrarity,2,10,7,7,11,yes
t0_pistonhead_tires_pro_commonrarity,0x30D16ECD,819031757,pistonhead,tires,pro,commonrarity,1,5,4,4,6,yes
t0_pistonhead_tires_pro_eliterarity,0xC5F77622,3321329186,pistonhead,tires,pro,eliterarity,4,8,5,5,8,yes
t0_pistonhead_tires_pro_greyrarity,0x6059213E,1616453950,pistonhead,tires,pro,greyrarity,0,4,3,3,6,yes
t0_pistonhead_tires_pro_rarerarity,0x9950BCBA,2572205242,pistonhead,tires,pro,rarerarity,3,7,4,4,8,yes
t0_pistonhead_tires_pro_uncommonrarity,0x91DD5778,2447202168,pistonhead,tires,pro,uncommonrarity,2,6,4,4,7,yes
t0_pistonhead_tires_race_commonrarity,0x6AC14891,1791051921,pistonhead,tires,race,commonrarity,1,3,3,3,4,yes
t0_pistonhead_tires_race_eliterarity,0x6FF6A254,1878434388,pistonhead,tires,race,eliterarity,4,6,4,4,6,yes
t0_pistonhead_tires_race_greyrarity,0x4C9D00BA,1285357754,pistonhead,tires,race,greyrarity,0,3,2,2,4,yes
t0_pistonhead_tires_race_rarerarity,0x9A03918A,2583925130,pistonhead,tires,race,rarerarity,3,5,3,3,6,yes
t0_pistonhead_tires_race_uncommonrarity,0xD0A3F946,3500407110,pistonhead,tires,race,uncommonrarity,2,4,3,3,5,yes
t0_pistonhead_tires_street_commonrarity,0xABF0F163,2884694371,pistonhead,tires,street,commonrarity,1,1,1,1,2,yes
t0_pistonhead_tires_street_eliterarity,0xB84BEC51,3091983441,pistonhead,tires,street,eliterarity,4,4,3,3,4,yes
t0_pistonhead_tires_street_greyrarity,0x648DB474,1687008372,pistonhead,tires,street,greyrarity,0,1,0,0,1,yes
t0_pistonhead_tires_street_rarerarity,0x2A03BB61,704887649,pistonhead,tires,street,rarerarity,3,3,2,2,4,yes
t0_pistonhead_tires_street_uncommonrarity,0xE85F0974,3898542452,pistonhead,tires,street,uncommonrarity,2,2,2,2,3,yes
t0_pistonhead_tires_uber_commonrarity,0x9E1CCE74,2652687988,pistonhead,tires,uber,commonrarity,1,7,5,5,8,yes
t0_pistonhead_tires_uber_eliterarity,0x54176CE8,1410821352,pistonhead,tires,uber,eliterarity,4,10,5,5,10,yes
t0_pistonhead_tires_uber_greyrarity,0x3567A582,895985026,pistonhead,tires,uber,greyrarity,0,6,4,4,8,yes
t0_pistonhead_tires_uber_rarerarity,0x5558386D,1431844973,pistonhead,tires,uber,rarerarity,3,9,5,5,10,yes
t0_pistonhead_tires_uber_uncommonrarity,0x54F1C981,1425131905,pistonhead,tires,uber,uncommonrarity,2,8,5,5,9,yes
t0_pistonhead_transmission_elite_commonrarity,0xF15543F6,4048897014,pistonhead,transmission,elite,commonrarity,1,10,20,10,6,yes
t0_pistonhead_transmission_elite_greyrarity,0x0FF9E60D,268035597,pistonhead,transmission,elite,greyrarity,0,10,18,9,6,yes
t0_pistonhead_transmission_elite_uncommonrarity,0x01C10AC8,29428424,pistonhead,transmission,elite,uncommonrarity,2,10,22,11,7,yes
t0_pistonhead_transmission_pro_commonrarity,0xE4E6BBB5,3840326581,pistonhead,transmission,pro,commonrarity,1,5,12,6,4,yes
t0_pistonhead_transmission_pro_eliterarity,0x0035FEEF,3538671,pistonhead,transmission,pro,eliterarity,4,8,16,8,5,yes
t0_pistonhead_transmission_pro_greyrarity,0x58045B04,1476680452,pistonhead,transmission,pro,greyrarity,0,4,10,6,3,yes
t0_pistonhead_transmission_pro_rarerarity,0x9E5490AD,2656342189,pistonhead,transmission,pro,rarerarity,3,7,14,8,4,yes
t0_pistonhead_transmission_pro_uncommonrarity,0xC22BCFE2,3257651170,pistonhead,transmission,pro,uncommonrarity,2,6,13,7,4,yes
t0_pistonhead_transmission_race_commonrarity,0xE2C5A181,3804602753,pistonhead,transmission,race,commonrarity,1,3,8,4,3,yes
t0_pistonhead_transmission_race_eliterarity,0x2C67A36B,744989547,pistonhead,transmission,race,eliterarity,4,6,12,6,4,yes
t0_pistonhead_transmission_race_greyrarity,0x411E8109,1092518153,pistonhead,transmission,race,greyrarity,0,3,6,4,2,yes
t0_pistonhead_transmission_race_rarerarity,0x6F03AC2B,1862511659,pistonhead,transmission,race,rarerarity,3,5,10,6,3,yes
t0_pistonhead_transmission_race_uncommonrarity,0xA25EE31C,2724127516,pistonhead,transmission,race,uncommonrarity,2,4,9,5,3,yes
t0_pistonhead_transmission_street_commonrarity,0x6252BB97,1649589143,pistonhead,transmission,street,commonrarity,1,1,4,2,1,yes
t0_pistonhead_transmission_street_eliterarity,0x3B85EE04,998632964,pistonhead,transmission,street,eliterarity,4,4,8,4,3,yes
t0_pistonhead_transmission_street_greyrarity,0xD2C7662F,3536283183,pistonhead,transmission,street,greyrarity,0,1,3,1,0,yes
t0_pistonhead_transmission_street_rarerarity,0xC5D2B2FD,3318919933,pistonhead,transmission,street,rarerarity,3,3,6,4,2,yes
t0_pistonhead_transmission_street_uncommonrarity,0x4A377317,1245147927,pistonhead,transmission,street,uncommonrarity,2,2,5,3,2,yes
t0_pistonhead_transmission_uber_commonrarity,0xC1050F43,3238334275,pistonhead,transmission,uber,commonrarity,1,7,16,8,5,yes
t0_pistonhead_transmission_uber_eliterarity,0x7D20B6C7,2099295943,pistonhead,transmission,uber,eliterarity,4,10,20,10,5,yes
t0_pistonhead_transmission_uber_greyrarity,0xE47DD0E5,3833450725,pistonhead,transmission,uber,greyrarity,0,6,14,8,4,yes
t0_pistonhead_transmission_uber_rarerarity,0x50E8FC52,1357446226,pistonhead,transmission,uber,rarerarity,3,9,18,10,5,yes
t0_pistonhead_transmission_uber_uncommonrarity,0xC7EBE876,3354126454,pistonhead,transmission,uber,uncommonrarity,2,8,17,9,5,yes
t0_rails_brakes_elite_commonrarity,0x69F2E769,1777526633,rails,brakes,elite,commonrarity,1,10,0,0,20,yes
t0_rails_brakes_elite_greyrarity,0x83B2C047,2209529927,rails,brakes,elite,greyrarity,0,10,0,0,18,yes
t0_rails_brakes_elite_uncommonrarity,0xCD3493BA,3442774970,rails,brakes,elite,uncommonrarity,2,10,0,0,22,yes
t0_rails_brakes_pro_commonrarity,0xBB5BB52D,3143349549,rails,brakes,pro,commonrarity,1,5,0,0,12,yes
t0_rails_brakes_pro_eliterarity,0x410845AD,1091061165,rails,brakes,pro,eliterarity,4,8,0,0,16,yes
t0_rails_brakes_pro_greyrarity,0x83DCBCAF,2212281519,rails,brakes,pro,greyrarity,0,4,0,0,10,yes
t0_rails_brakes_pro_rarerarity,0x628986BD,1653180093,rails,brakes,pro,rarerarity,3,7,0,0,14,yes
t0_rails_brakes_pro_uncommonrarity,0x7261B1A2,1919005090,rails,brakes,pro,uncommonrarity,2,6,0,0,13,yes
t0_rails_brakes_race_commonrarity,0x158A362E,361379374,rails,brakes,race,commonrarity,1,3,0,0,8,yes
t0_rails_brakes_race_eliterarity,0x9E9DCDD8,2661141976,rails,brakes,race,eliterarity,4,6,0,0,12,yes
t0_rails_brakes_race_greyrarity,0xE2707E23,3799023139,rails,brakes,race,greyrarity,0,3,0,0,6,yes
t0_rails_brakes_race_rarerarity,0xFF7145E8,4285613544,rails,brakes,race,rarerarity,3,5,0,0,10,yes
t0_rails_brakes_race_uncommonrarity,0xD090A35D,3499139933,rails,brakes,race,uncommonrarity,2,4,0,0,9,yes
t0_rails_brakes_street_commonrarity,0x3730C76C,925943660,rails,brakes,street,commonrarity,1,1,0,0,4,yes
t0_rails_brakes_street_eliterarity,0x3278642D,846750765,rails,brakes,street,eliterarity,4,4,0,0,8,yes
t0_rails_brakes_street_greyrarity,0x6BCD2BED,1808608237,rails,brakes,street,greyrarity,0,1,0,0,3,yes
t0_rails_brakes_street_rarerarity,0xD22E0366,3526230886,rails,brakes,street,rarerarity,3,3,0,0,6,yes
t0_rails_brakes_street_uncommonrarity,0x67379952,1731696978,rails,brakes,street,uncommonrarity,2,2,0,0,5,yes
t0_rails_brakes_uber_commonrarity,0x97860AD0,2542144208,rails,brakes,uber,commonrarity,1,7,0,0,16,yes
t0_rails_brakes_uber_eliterarity,0x847E410F,2222866703,rails,brakes,uber,eliterarity,4,10,0,0,20,yes
t0_rails_brakes_uber_greyrarity,0xAFE2D639,2950878777,rails,brakes,uber,greyrarity,0,6,0,0,14,yes
t0_rails_brakes_uber_rarerarity,0x0B1CF87B,186447995,rails,brakes,uber,rarerarity,3,9,0,0,18,yes
t0_rails_brakes_uber_uncommonrarity,0x52D57E33,1389723187,rails,brakes,uber,uncommonrarity,2,8,0,0,17,yes
t0_rails_engine_elite_commonrarity,0x5A949806,1519687686,rails,engine,elite,commonrarity,1,10,15,11,0,yes
t0_rails_engine_elite_greyrarity,0x6755DD67,1733680487,rails,engine,elite,greyrarity,0,10,14,10,0,yes
t0_rails_engine_elite_uncommonrarity,0x507737FB,1349990395,rails,engine,elite,uncommonrarity,2,10,16,12,0,yes
t0_rails_engine_pro_commonrarity,0x9DC80218,2647130648,rails,engine,pro,commonrarity,1,5,9,6,0,yes
t0_rails_engine_pro_eliterarity,0xE10AF3D8,3775591384,rails,engine,pro,eliterarity,4,8,12,8,0,yes
t0_rails_engine_pro_greyrarity,0x4B3052FE,1261458174,rails,engine,pro,greyrarity,0,4,8,6,0,yes
t0_rails_engine_pro_rarerarity,0x7A2C5021,2049724449,rails,engine,pro,rarerarity,3,7,11,8,0,yes
t0_rails_engine_pro_uncommonrarity,0x0FECFFC6,267190214,rails,engine,pro,uncommonrarity,2,6,10,7,0,yes
t0_rails_engine_race_commonrarity,0x62F13D95,1659977109,rails,engine,race,commonrarity,1,3,6,4,0,yes
t0_rails_engine_race_eliterarity,0xB8040923,3087272227,rails,engine,race,eliterarity,4,6,9,6,0,yes
t0_rails_engine_race_greyrarity,0xAB2065A3,2871027107,rails,engine,race,greyrarity,0,3,5,4,0,yes
t0_rails_engine_race_rarerarity,0xDD6EB7EB,3715020779,rails,engine,race,rarerarity,3,5,8,6,0,yes
t0_rails_engine_race_uncommonrarity,0xFD01AC0A,4244745226,rails,engine,race,uncommonrarity,2,4,7,5,0,yes
t0_rails_engine_street_commonrarity,0x8AFD2AEA,2331847402,rails,engine,street,commonrarity,1,1,3,2,0,yes
t0_rails_engine_street_eliterarity,0xB874FE4F,3094675023,rails,engine,street,eliterarity,4,4,6,4,0,yes
t0_rails_engine_street_greyrarity,0x335E932F,861836079,rails,engine,street,greyrarity,0,1,2,1,0,yes
t0_rails_engine_street_rarerarity,0xDD14BF89,3709124489,rails,engine,street,rarerarity,3,3,5,4,0,yes
t0_rails_engine_street_uncommonrarity,0x1D0F6829,487548969,rails,engine,street,uncommonrarity,2,2,4,3,0,yes
t0_rails_engine_uber_commonrarity,0x184C0AE0,407636704,rails,engine,uber,commonrarity,1,7,12,8,0,yes
t0_rails_engine_uber_eliterarity,0x11E9C8CA,300533962,rails,engine,uber,eliterarity,4,10,15,10,0,yes
t0_rails_engine_uber_greyrarity,0x7B77A0CE,2071437518,rails,engine,uber,greyrarity,0,6,11,8,0,yes
t0_rails_engine_uber_rarerarity,0x6B4EF318,1800336152,rails,engine,uber,rarerarity,3,9,14,10,0,yes
t0_rails_engine_uber_uncommonrarity,0xE239EAB1,3795446449,rails,engine,uber,uncommonrarity,2,8,13,9,0,yes
t0_rails_forcedinduction_elite_commonrarity,0x93DD5036,2480754742,rails,forcedinduction,elite,commonrarity,1,10,7,11,0,yes
t0_rails_forcedinduction_elite_greyrarity,0x77347FA4,1999929252,rails,forcedinduction,elite,greyrarity,0,10,6,10,0,yes
t0_rails_forcedinduction_elite_uncommonrarity,0xE528591A,3844626714,rails,forcedinduction,elite,uncommonrarity,2,10,8,11,0,yes
t0_rails_forcedinduction_pro_commonrarity,0x8CA6B5A8,2359735720,rails,forcedinduction,pro,commonrarity,1,5,4,6,0,yes
t0_rails_forcedinduction_pro_eliterarity,0x7F60E2B1,2137055921,rails,forcedinduction,pro,eliterarity,4,8,5,8,0,yes
t0_rails_forcedinduction_pro_greyrarity,0x2ACDDCA0,718134432,rails,forcedinduction,pro,greyrarity,0,4,3,6,0,yes
t0_rails_forcedinduction_pro_rarerarity,0x8B548E5D,2337574493,rails,forcedinduction,pro,rarerarity,3,7,4,8,0,yes
t0_rails_forcedinduction_pro_uncommonrarity,0x72BD5AD4,1925012180,rails,forcedinduction,pro,uncommonrarity,2,6,4,7,0,yes
t0_rails_forcedinduction_race_commonrarity,0x8CFF3701,2365536001,rails,forcedinduction,race,commonrarity,1,3,3,4,0,yes
t0_rails_forcedinduction_race_eliterarity,0x32FCDFF6,855433206,rails,forcedinduction,race,eliterarity,4,6,4,6,0,yes
t0_rails_forcedinduction_race_greyrarity,0x5DBEB70E,1572779790,rails,forcedinduction,race,greyrarity,0,3,2,4,0,yes
t0_rails_forcedinduction_race_rarerarity,0xC474391C,3295951132,rails,forcedinduction,race,rarerarity,3,5,3,6,0,yes
t0_rails_forcedinduction_race_uncommonrarity,0xC12BBC14,3240868884,rails,forcedinduction,race,uncommonrarity,2,4,3,5,0,yes
t0_rails_forcedinduction_street_commonrarity,0x674DFD79,1733164409,rails,forcedinduction,street,commonrarity,1,1,1,2,0,yes
t0_rails_forcedinduction_street_eliterarity,0x639C55EA,1671189994,rails,forcedinduction,street,eliterarity,4,4,3,4,0,yes
t0_rails_forcedinduction_street_greyrarity,0x49ACC32F,1236058927,rails,forcedinduction,street,greyrarity,0,1,0,1,0,yes
t0_rails_forcedinduction_street_rarerarity,0x92309D01,2452659457,rails,forcedinduction,street,rarerarity,3,3,2,4,0,yes
t0_rails_forcedinduction_street_uncommonrarity,0x0C895BFC,210328572,rails,forcedinduction,street,uncommonrarity,2,2,2,3,0,yes
t0_rails_forcedinduction_uber_commonrarity,0x9F8AB9F8,2676668920,rails,forcedinduction,uber,commonrarity,1,7,5,8,0,yes
t0_rails_forcedinduction_uber_eliterarity,0xE921D334,3911308084,rails,forcedinduction,uber,eliterarity,4,10,5,10,0,yes
t0_rails_forcedinduction_uber_greyrarity,0xC0E8C7F5,3236481013,rails,forcedinduction,uber,greyrarity,0,6,4,8,0,yes
t0_rails_forcedinduction_uber_rarerarity,0x96298E5C,2519305820,rails,forcedinduction,uber,rarerarity,3,9,5,10,0,yes
t0_rails_forcedinduction_uber_uncommonrarity,0xF49850E0,4103622880,rails,forcedinduction,uber,uncommonrarity,2,8,5,9,0,yes
t0_rails_miscparts_pro_commonrarity,0x355D4DF7,895307255,rails,miscparts,pro,commonrarity,1,5,0,0,0,no
t0_rails_miscparts_pro_eliterarity,0xB65AFF04,3059416836,rails,miscparts,pro,eliterarity,4,8,0,0,0,no
t0_rails_miscparts_pro_greyrarity,0x90B250DA,2427605210,rails,miscparts,pro,greyrarity,0,4,0,0,0,no
t0_rails_miscparts_pro_rarerarity,0x05D95078,98127992,rails,miscparts,pro,rarerarity,3,7,0,0,0,no
t0_rails_miscparts_pro_uncommonrarity,0x45700EC5,1164971717,rails,miscparts,pro,uncommonrarity,2,6,0,0,0,no
t0_rails_miscparts_race_commonrarity,0x8FF642A7,2415280807,rails,miscparts,race,commonrarity,1,3,0,0,0,no
t0_rails_miscparts_race_eliterarity,0x8DFA2D58,2381983064,rails,miscparts,race,eliterarity,4,6,0,0,0,no
t0_rails_miscparts_race_greyrarity,0x7B86DDF4,2072436212,rails,miscparts,race,greyrarity,0,3,0,0,0,no
t0_rails_miscparts_race_rarerarity,0x5A590E5C,1515785820,rails,miscparts,race,rarerarity,3,5,0,0,0,no
t0_rails_miscparts_race_uncommonrarity,0xC91DECDC,3374181596,rails,miscparts,race,uncommonrarity,2,4,0,0,0,no
t0_rails_miscparts_street_commonrarity,0x10C57C7B,281377915,rails,miscparts,street,commonrarity,1,1,0,0,0,no
t0_rails_miscparts_street_eliterarity,0x44A55F20,1151688480,rails,miscparts,street,eliterarity,4,4,0,0,0,no
t0_rails_miscparts_street_greyrarity,0xE890C886,3901802630,rails,miscparts,street,greyrarity,0,1,0,0,0,no
t0_rails_miscparts_street_rarerarity,0xA9E4C37C,2850341756,rails,miscparts,street,rarerarity,3,3,0,0,0,no
t0_rails_miscparts_street_uncommonrarity,0x386BA5D0,946578896,rails,miscparts,street,uncommonrarity,2,2,0,0,0,no
t0_rails_miscparts_uber_commonrarity,0x2750F3FA,659616762,rails,miscparts,uber,commonrarity,1,7,0,0,0,no
t0_rails_miscparts_uber_eliterarity,0x5528D96B,1428740459,rails,miscparts,uber,eliterarity,4,10,0,0,0,no
t0_rails_miscparts_uber_greyrarity,0x483D011C,1211957532,rails,miscparts,uber,greyrarity,0,6,0,0,0,no
t0_rails_miscparts_uber_rarerarity,0x15687400,359166976,rails,miscparts,uber,rarerarity,3,9,0,0,0,no
t0_rails_miscparts_uber_uncommonrarity,0x053E9987,87988615,rails,miscparts,uber,uncommonrarity,2,8,0,0,0,no
t0_rails_suspension_elite_commonrarity,0x314CC3C8,827114440,rails,suspension,elite,commonrarity,1,10,6,10,20,yes
t0_rails_suspension_elite_greyrarity,0x8EFE4376,2399028086,rails,suspension,elite,greyrarity,0,10,6,9,18,yes
t0_rails_suspension_elite_uncommonrarity,0xB69CE906,3063736582,rails,suspension,elite,uncommonrarity,2,10,7,10,22,yes
t0_rails_suspension_pro_commonrarity,0x24E9B27C,619295356,rails,suspension,pro,commonrarity,1,5,4,6,12,yes
t0_rails_suspension_pro_eliterarity,0x56D7D802,1456986114,rails,suspension,pro,eliterarity,4,8,5,8,16,yes
t0_rails_suspension_pro_greyrarity,0xAEAC2C37,2930519095,rails,suspension,pro,greyrarity,0,4,3,6,10,yes
t0_rails_suspension_pro_rarerarity,0x4AD9D214,1255789076,rails,suspension,pro,rarerarity,3,7,4,8,14,yes
t0_rails_suspension_pro_uncommonrarity,0x0AE0FFA1,182517665,rails,suspension,pro,uncommonrarity,2,6,4,7,13,yes
t0_rails_suspension_race_commonrarity,0xC4A9FB5E,3299474270,rails,suspension,race,commonrarity,1,3,3,4,8,yes
t0_rails_suspension_race_eliterarity,0x03240DF6,52694518,rails,suspension,race,eliterarity,4,6,4,6,12,yes
t0_rails_suspension_race_greyrarity,0xCBC5B886,3418732678,rails,suspension,race,greyrarity,0,3,2,4,6,yes
t0_rails_suspension_race_rarerarity,0xC5074F6F,3305590639,rails,suspension,race,rarerarity,3,5,3,6,10,yes
t0_rails_suspension_race_uncommonrarity,0x012A1265,19534437,rails,suspension,race,uncommonrarity,2,4,3,5,9,yes
t0_rails_suspension_street_commonrarity,0xCFE4DA92,3487881874,rails,suspension,street,commonrarity,1,1,1,2,4,yes
t0_rails_suspension_street_eliterarity,0xC8C416CC,3368294092,rails,suspension,street,eliterarity,4,4,3,4,8,yes
t0_rails_suspension_street_greyrarity,0x32FE7E97,855539351,rails,suspension,street,greyrarity,0,1,0,1,3,yes
t0_rails_suspension_street_rarerarity,0x74124642,1947354690,rails,suspension,street,rarerarity,3,3,2,4,6,yes
t0_rails_suspension_street_uncommonrarity,0x2FCC6247,801923655,rails,suspension,street,uncommonrarity,2,2,2,3,5,yes
t0_rails_suspension_uber_commonrarity,0x0BE45B24,199514916,rails,suspension,uber,commonrarity,1,7,5,8,16,yes
t0_rails_suspension_uber_eliterarity,0xEDEF596E,3991886190,rails,suspension,uber,eliterarity,4,10,5,10,20,yes
t0_rails_suspension_uber_greyrarity,0x91FDE3F9,2449335289,rails,suspension,uber,greyrarity,0,6,4,8,14,yes
t0_rails_suspension_uber_rarerarity,0xDE3DFB80,3728604032,rails,suspension,uber,rarerarity,3,9,5,10,18,yes
t0_rails_suspension_uber_uncommonrarity,0xCE81A254,3464602196,rails,suspension,uber,uncommonrarity,2,8,5,9,17,yes
t0_rails_tires_elite_commonrarity,0x8C403DC1,2353020353,rails,tires,elite,commonrarity,1,10,7,6,20,yes
t0_rails_tires_elite_greyrarity,0x561B0DA5,1444613541,rails,tires,elite,greyrarity,0,10,6,6,18,yes
t0_rails_tires_elite_uncommonrarity,0xEFC3685A,4022560858,rails,tires,elite,uncommonrarity,2,10,7,7,22,yes
t0_rails_tires_pro_commonrarity,0x9797EE4B,2543316555,rails,tires,pro,commonrarity,1,5,4,4,12,yes
t0_rails_tires_pro_eliterarity,0x3F7C49D7,1065109975,rails,tires,pro,eliterarity,4,8,5,5,16,yes
t0_rails_tires_pro_greyrarity,0x61CD1B20,1640831776,rails,tires,pro,greyrarity,0,4,3,3,10,yes
t0_rails_tires_pro_rarerarity,0x69CAD399,1774900121,rails,tires,pro,rarerarity,3,7,4,4,14,yes
t0_rails_tires_pro_uncommonrarity,0xE762D764,3882014564,rails,tires,pro,uncommonrarity,2,6,4,4,13,yes
t0_rails_tires_race_commonrarity,0x321E4F32,840847154,rails,tires,race,commonrarity,1,3,3,3,8,yes
t0_rails_tires_race_eliterarity,0xE2C73119,3804705049,rails,tires,race,eliterarity,4,6,4,4,12,yes
t0_rails_tires_race_greyrarity,0xFEC89DA6,4274560422,rails,tires,race,greyrarity,0,3,2,2,6,yes
t0_rails_tires_race_rarerarity,0x1DDCBBA8,501005224,rails,tires,race,rarerarity,3,5,3,3,10,yes
t0_rails_tires_race_uncommonrarity,0x3969319C,963195292,rails,tires,race,uncommonrarity,2,4,3,3,9,yes
t0_rails_tires_street_commonrarity,0x49ECA107,1240244487,rails,tires,street,commonrarity,1,1,1,1,4,yes
t0_rails_tires_street_eliterarity,0xBC1316DD,3155367645,rails,tires,street,eliterarity,4,4,3,3,8,yes
t0_rails_tires_street_greyrarity,0xE9A2562F,3919730223,rails,tires,street,greyrarity,0,1,0,0,3,yes
t0_rails_tires_street_rarerarity,0x3647F16E,910684526,rails,tires,street,rarerarity,3,3,2,2,6,yes
t0_rails_tires_street_uncommonrarity,0xD7E87822,3622336546,rails,tires,street,uncommonrarity,2,2,2,2,5,yes
t0_rails_tires_uber_commonrarity,0xE703D930,3875789104,rails,tires,uber,commonrarity,1,7,5,5,16,yes
t0_rails_tires_uber_eliterarity,0xA8F68CC2,2834730178,rails,tires,uber,eliterarity,4,10,5,5,20,yes
t0_rails_tires_uber_greyrarity,0x85588615,2237171221,rails,tires,uber,greyrarity,0,6,4,4,14,yes
t0_rails_tires_uber_rarerarity,0x740A9935,1946851637,rails,tires,uber,rarerarity,3,9,5,5,18,yes
t0_rails_tires_uber_uncommonrarity,0xBA07C022,3121070114,rails,tires,uber,uncommonrarity,2,8,5,5,17,yes
t0_rails_transmission_elite_commonrarity,0x2E3E5C9C,775838876,rails,transmission,elite,commonrarity,1,10,10,7,10,yes
t0_rails_transmission_elite_greyrarity,0x6AEC0E1C,1793855004,rails,transmission,elite,greyrarity,0,10,10,6,9,yes
t0_rails_transmission_elite_uncommonrarity,0x01172153,18293075,rails,transmission,elite,uncommonrarity,2,10,11,7,11,yes
t0_rails_transmission_pro_commonrarity,0xFF794904,4286138628,rails,transmission,pro,commonrarity,1,5,6,4,6,yes
t0_rails_transmission_pro_eliterarity,0xB450A1EC,3025183212,rails,transmission,pro,eliterarity,4,8,8,5,8,yes
t0_rails_transmission_pro_greyrarity,0x49C6256D,1237722477,rails,transmission,pro,greyrarity,0,4,6,3,6,yes
t0_rails_transmission_pro_rarerarity,0x180BDAF8,403430136,rails,transmission,pro,rarerarity,3,7,8,4,8,yes
t0_rails_transmission_pro_uncommonrarity,0x9CD46C06,2631166982,rails,transmission,pro,uncommonrarity,2,6,7,4,7,yes
t0_rails_transmission_race_commonrarity,0x16D09D91,382770577,rails,transmission,race,commonrarity,1,3,4,3,4,yes
t0_rails_transmission_race_eliterarity,0x16C18803,381782019,rails,transmission,race,eliterarity,4,6,6,4,6,yes
t0_rails_transmission_race_greyrarity,0x15BA02F6,364511990,rails,transmission,race,greyrarity,0,3,4,2,4,yes
t0_rails_transmission_race_rarerarity,0x70F45928,1895061800,rails,transmission,race,rarerarity,3,5,6,3,6,yes
t0_rails_transmission_race_uncommonrarity,0x29CDBC1A,701348890,rails,transmission,race,uncommonrarity,2,4,5,3,5,yes
t0_rails_transmission_street_commonrarity,0xFEC119A5,4274067877,rails,transmission,street,commonrarity,1,1,2,1,2,yes
t0_rails_transmission_street_eliterarity,0xC699D5F3,3331970547,rails,transmission,street,eliterarity,4,4,4,3,4,yes
t0_rails_transmission_street_greyrarity,0xD1031088,3506638984,rails,transmission,street,greyrarity,0,1,1,0,1,yes
t0_rails_transmission_street_rarerarity,0xED61D766,3982612326,rails,transmission,street,rarerarity,3,3,4,2,4,yes
t0_rails_transmission_street_uncommonrarity,0xC014DA04,3222592004,rails,transmission,street,uncommonrarity,2,2,3,2,3,yes
t0_rails_transmission_uber_commonrarity,0x5E81394F,1585527119,rails,transmission,uber,commonrarity,1,7,8,5,8,yes
t0_rails_transmission_uber_eliterarity,0x4506301E,1158033438,rails,transmission,uber,eliterarity,4,10,10,5,10,yes
t0_rails_transmission_uber_greyrarity,0xA2CC65EF,2731304431,rails,transmission,uber,greyrarity,0,6,8,4,8,yes
t0_rails_transmission_uber_rarerarity,0x32C3FA64,851704420,rails,transmission,uber,rarerarity,3,9,10,5,10,yes
t0_rails_transmission_uber_uncommonrarity,0xE1E68A7F,3789982335,rails,transmission,uber,uncommonrarity,2,8,9,5,9,yes
t0_smokeshow_brakes_elite_commonrarity,0xC65DBFB1,3328032689,smokeshow,brakes,elite,commonrarity,1,10,0,0,11,yes
t0_smokeshow_brakes_elite_greyrarity,0xB21C6225,2988204581,smokeshow,brakes,elite,greyrarity,0,10,0,0,10,yes
t0_smokeshow_brakes_elite_uncommonrarity,0x71F056E9,1911576297,smokeshow,brakes,elite,uncommonrarity,2,10,0,0,12,yes
t0_smokeshow_brakes_pro_commonrarity,0xF5E3ED91,4125355409,smokeshow,brakes,pro,commonrarity,1,5,0,0,6,yes
t0_smokeshow_brakes_pro_eliterarity,0x2D7BE8E5,763095269,smokeshow,brakes,pro,eliterarity,4,8,0,0,8,yes
t0_smokeshow_brakes_pro_greyrarity,0xB247D25F,2991051359,smokeshow,brakes,pro,greyrarity,0,4,0,0,6,yes
t0_smokeshow_brakes_pro_rarerarity,0x5A1D5AA3,1511873187,smokeshow,brakes,pro,rarerarity,3,7,0,0,8,yes
t0_smokeshow_brakes_pro_uncommonrarity,0x9242DBC1,2453855169,smokeshow,brakes,pro,uncommonrarity,2,6,0,0,7,yes
t0_smokeshow_brakes_race_commonrarity,0xEA3E1B7A,3929938810,smokeshow,brakes,race,commonrarity,1,3,0,0,4,yes
t0_smokeshow_brakes_race_eliterarity,0x5C63E9E5,1550051813,smokeshow,brakes,race,eliterarity,4,6,0,0,6,yes
t0_smokeshow_brakes_race_greyrarity,0xCF07FCD9,3473407193,smokeshow,brakes,race,greyrarity,0,3,0,0,4,yes
t0_smokeshow_brakes_race_rarerarity,0xE83A0BA5,3896118181,smokeshow,brakes,race,rarerarity,3,5,0,0,6,yes
t0_smokeshow_brakes_race_uncommonrarity,0x808575BD,2156230077,smokeshow,brakes,race,uncommonrarity,2,4,0,0,5,yes
t0_smokeshow_brakes_street_commonrarity,0xBA71F2D6,3128029910,smokeshow,brakes,street,commonrarity,1,1,0,0,2,yes
t0_smokeshow_brakes_street_eliterarity,0x0F8C5D4F,260857167,smokeshow,brakes,street,eliterarity,4,4,0,0,4,yes
t0_smokeshow_brakes_street_greyrarity,0xB4BA9F78,3032129400,smokeshow,brakes,street,greyrarity,0,1,0,0,1,yes
t0_smokeshow_brakes_street_rarerarity,0xAD918C9D,2911997085,smokeshow,brakes,street,rarerarity,3,3,0,0,4,yes
t0_smokeshow_brakes_street_uncommonrarity,0x39024AF0,956451568,smokeshow,brakes,street,uncommonrarity,2,2,0,0,3,yes
t0_smokeshow_brakes_uber_commonrarity,0xC730F03F,3341873215,smokeshow,brakes,uber,commonrarity,1,7,0,0,8,yes
t0_smokeshow_brakes_uber_eliterarity,0x7177A964,1903667556,smokeshow,brakes,uber,eliterarity,4,10,0,0,10,yes
t0_smokeshow_brakes_uber_greyrarity,0xC73CD3BC,3342652348,smokeshow,brakes,uber,greyrarity,0,6,0,0,8,yes
t0_smokeshow_brakes_uber_rarerarity,0x8D858C7A,2374339706,smokeshow,brakes,uber,rarerarity,3,9,0,0,10,yes
t0_smokeshow_brakes_uber_uncommonrarity,0xA4F55314,2767541012,smokeshow,brakes,uber,uncommonrarity,2,8,0,0,9,yes
t0_smokeshow_engine_elite_commonrarity,0xFDD5910B,4258631947,smokeshow,engine,elite,commonrarity,1,10,12,20,0,yes
t0_smokeshow_engine_elite_greyrarity,0x85D44745,2245281605,smokeshow,engine,elite,greyrarity,0,10,11,18,0,yes
t0_smokeshow_engine_elite_uncommonrarity,0xE744E9A9,3880053161,smokeshow,engine,elite,uncommonrarity,2,10,13,22,0,yes
t0_smokeshow_engine_pro_commonrarity,0x33CB4EC2,868961986,smokeshow,engine,pro,commonrarity,1,5,6,12,0,yes
t0_smokeshow_engine_pro_eliterarity,0xEFFF3EC3,4026482371,smokeshow,engine,pro,eliterarity,4,8,8,16,0,yes
t0_smokeshow_engine_pro_greyrarity,0x5E798888,1585023112,smokeshow,engine,pro,greyrarity,0,4,6,10,0,yes
t0_smokeshow_engine_pro_rarerarity,0x2D2EBAD6,758037206,smokeshow,engine,pro,rarerarity,3,7,8,14,0,yes
t0_smokeshow_engine_pro_uncommonrarity,0xC9C91C31,3385400369,smokeshow,engine,pro,uncommonrarity,2,6,7,13,0,yes
t0_smokeshow_engine_race_commonrarity,0x96E840CF,2531803343,smokeshow,engine,race,commonrarity,1,3,4,8,0,yes
t0_smokeshow_engine_race_eliterarity,0xBB0EDFCB,3138314187,smokeshow,engine,race,eliterarity,4,6,6,12,0,yes
t0_smokeshow_engine_race_greyrarity,0x7D09AE41,2097786433,smokeshow,engine,race,greyrarity,0,3,4,6,0,yes
t0_smokeshow_engine_race_rarerarity,0x79ABDED4,2041306836,smokeshow,engine,race,rarerarity,3,5,6,10,0,yes
t0_smokeshow_engine_race_uncommonrarity,0x8CBD0FAC,2361200556,smokeshow,engine,race,uncommonrarity,2,4,5,9,0,yes
t0_smokeshow_engine_street_commonrarity,0x67736C4E,1735617614,smokeshow,engine,street,commonrarity,1,1,2,4,0,yes
t0_smokeshow_engine_street_eliterarity,0x2529B95C,623491420,smokeshow,engine,street,eliterarity,4,4,4,8,0,yes
t0_smokeshow_engine_street_greyrarity,0x4FA84B30,1336429360,smokeshow,engine,street,greyrarity,0,1,1,3,0,yes
t0_smokeshow_engine_street_rarerarity,0x50840AA7,1350830759,smokeshow,engine,street,rarerarity,3,3,4,6,0,yes
t0_smokeshow_engine_street_uncommonrarity,0xF26E68DB,4067322075,smokeshow,engine,street,uncommonrarity,2,2,3,5,0,yes
t0_smokeshow_engine_uber_commonrarity,0x54FEDFE8,1425989608,smokeshow,engine,uber,commonrarity,1,7,8,16,0,yes
t0_smokeshow_engine_uber_eliterarity,0x6CC1D109,1824641289,smokeshow,engine,uber,eliterarity,4,10,10,20,0,yes
t0_smokeshow_engine_uber_greyrarity,0xA5E060CF,2782945487,smokeshow,engine,uber,greyrarity,0,6,8,14,0,yes
t0_smokeshow_engine_uber_rarerarity,0x2E256FE5,774205413,smokeshow,engine,uber,rarerarity,3,9,10,18,0,yes
t0_smokeshow_engine_uber_uncommonrarity,0x5D6FA291,1567597201,smokeshow,engine,uber,uncommonrarity,2,8,9,17,0,yes
t0_smokeshow_forcedinduction_elite_commonrarity,0x3DDE85C2,1037993410,smokeshow,forcedinduction,elite,commonrarity,1,10,11,15,0,yes
t0_smokeshow_forcedinduction_elite_greyrarity,0xF53058D2,4113586386,smokeshow,forcedinduction,elite,greyrarity,0,10,10,14,0,yes
t0_smokeshow_forcedinduction_elite_uncommonrarity,0x00161AE2,1448674,smokeshow,forcedinduction,elite,uncommonrarity,2,10,12,16,0,yes
t0_smokeshow_forcedinduction_pro_commonrarity,0x03D8C0FD,64536829,smokeshow,forcedinduction,pro,commonrarity,1,5,6,9,0,yes
t0_smokeshow_forcedinduction_pro_eliterarity,0xEEB011C8,4004516296,smokeshow,forcedinduction,pro,eliterarity,4,8,8,12,0,yes
t0_smokeshow_forcedinduction_pro_greyrarity,0xA8702D1E,2825923870,smokeshow,forcedinduction,pro,greyrarity,0,4,6,8,0,yes
t0_smokeshow_forcedinduction_pro_rarerarity,0x73791359,1937314649,smokeshow,forcedinduction,pro,rarerarity,3,7,8,11,0,yes
t0_smokeshow_forcedinduction_pro_uncommonrarity,0x0F490D12,256445714,smokeshow,forcedinduction,pro,uncommonrarity,2,6,7,10,0,yes
t0_smokeshow_forcedinduction_race_commonrarity,0x1F321BDE,523377630,smokeshow,forcedinduction,race,commonrarity,1,3,4,6,0,yes
t0_smokeshow_forcedinduction_race_eliterarity,0x07639DCB,123968971,smokeshow,forcedinduction,race,eliterarity,4,6,6,9,0,yes
t0_smokeshow_forcedinduction_race_greyrarity,0xCF736504,3480446212,smokeshow,forcedinduction,race,greyrarity,0,3,4,5,0,yes
t0_smokeshow_forcedinduction_race_rarerarity,0x9448A0AF,2487787695,smokeshow,forcedinduction,race,rarerarity,3,5,6,8,0,yes
t0_smokeshow_forcedinduction_race_uncommonrarity,0xF1D8E269,4057522793,smokeshow,forcedinduction,race,uncommonrarity,2,4,5,7,0,yes
t0_smokeshow_forcedinduction_street_commonrarity,0x101360A9,269705385,smokeshow,forcedinduction,street,commonrarity,1,1,2,3,0,yes
t0_smokeshow_forcedinduction_street_eliterarity,0x5E8DF085,1586360453,smokeshow,forcedinduction,street,eliterarity,4,4,4,6,0,yes
t0_smokeshow_forcedinduction_street_greyrarity,0x03BEEB6D,62843757,smokeshow,forcedinduction,street,greyrarity,0,1,1,2,0,yes
t0_smokeshow_forcedinduction_street_rarerarity,0x30BD3E7B,817708667,smokeshow,forcedinduction,street,rarerarity,3,3,4,5,0,yes
t0_smokeshow_forcedinduction_street_uncommonrarity,0x32C397D4,851679188,smokeshow,forcedinduction,street,uncommonrarity,2,2,3,4,0,yes
t0_smokeshow_forcedinduction_uber_commonrarity,0xF1BF04AC,4055827628,smokeshow,forcedinduction,uber,commonrarity,1,7,8,12,0,yes
t0_smokeshow_forcedinduction_uber_eliterarity,0x3D7FD010,1031786512,smokeshow,forcedinduction,uber,eliterarity,4,10,10,15,0,yes
t0_smokeshow_forcedinduction_uber_greyrarity,0x1341E627,323085863,smokeshow,forcedinduction,uber,greyrarity,0,6,8,11,0,yes
t0_smokeshow_forcedinduction_uber_rarerarity,0xA437DE9C,2755124892,smokeshow,forcedinduction,uber,rarerarity,3,9,10,14,0,yes
t0_smokeshow_forcedinduction_uber_uncommonrarity,0x8B051F25,2332368677,smokeshow,forcedinduction,uber,uncommonrarity,2,8,9,13,0,yes
t0_smokeshow_miscparts_pro_commonrarity,0xE2D28FE5,3805450213,smokeshow,miscparts,pro,commonrarity,1,5,0,0,0,no
t0_smokeshow_miscparts_pro_eliterarity,0xFB199F7F,4212760447,smokeshow,miscparts,pro,eliterarity,4,8,0,0,0,no
t0_smokeshow_miscparts_pro_greyrarity,0x6E9BEA65,1855711845,smokeshow,miscparts,pro,greyrarity,0,4,0,0,0,no
t0_smokeshow_miscparts_pro_rarerarity,0xA8544067,2824093799,smokeshow,miscparts,pro,rarerarity,3,7,0,0,0,no
t0_smokeshow_miscparts_pro_uncommonrarity,0x3975C663,964019811,smokeshow,miscparts,pro,uncommonrarity,2,6,0,0,0,no
t0_smokeshow_miscparts_race_commonrarity,0x48C4403C,1220821052,smokeshow,miscparts,race,commonrarity,1,3,0,0,0,no
t0_smokeshow_miscparts_race_eliterarity,0x6DF09532,1844483378,smokeshow,miscparts,race,eliterarity,4,6,0,0,0,no
t0_smokeshow_miscparts_race_greyrarity,0x62AE0D74,1655573876,smokeshow,miscparts,race,greyrarity,0,3,0,0,0,no
t0_smokeshow_miscparts_race_rarerarity,0xAC564201,2891334145,smokeshow,miscparts,race,rarerarity,3,5,0,0,0,no
t0_smokeshow_miscparts_race_uncommonrarity,0xF9B3ADE9,4189302249,smokeshow,miscparts,race,uncommonrarity,2,4,0,0,0,no
t0_smokeshow_miscparts_street_commonrarity,0x725A6B2A,1918528298,smokeshow,miscparts,street,commonrarity,1,1,0,0,0,no
t0_smokeshow_miscparts_street_eliterarity,0xBE7B1678,3195737720,smokeshow,miscparts,street,eliterarity,4,4,0,0,0,no
t0_smokeshow_miscparts_street_greyrarity,0x450D5B5A,1158503258,smokeshow,miscparts,street,greyrarity,0,1,0,0,0,no
t0_smokeshow_miscparts_street_rarerarity,0x7B4A893D,2068482365,smokeshow,miscparts,street,rarerarity,3,3,0,0,0,no
t0_smokeshow_miscparts_street_uncommonrarity,0x3E3F7A0C,1044347404,smokeshow,miscparts,street,uncommonrarity,2,2,0,0,0,no
t0_smokeshow_miscparts_uber_commonrarity,0xAC27E49C,2888295580,smokeshow,miscparts,uber,commonrarity,1,7,0,0,0,no
t0_smokeshow_miscparts_uber_eliterarity,0x86FF3F69,2264874857,smokeshow,miscparts,uber,eliterarity,4,10,0,0,0,no
t0_smokeshow_miscparts_uber_greyrarity,0xCE4D731E,3461182238,smokeshow,miscparts,uber,greyrarity,0,6,0,0,0,no
t0_smokeshow_miscparts_uber_rarerarity,0x47C7FB73,1204288371,smokeshow,miscparts,uber,rarerarity,3,9,0,0,0,no
t0_smokeshow_miscparts_uber_uncommonrarity,0x68F66420,1760977952,smokeshow,miscparts,uber,uncommonrarity,2,8,0,0,0,no
t0_smokeshow_suspension_elite_commonrarity,0x28093510,671692048,smokeshow,suspension,elite,commonrarity,1,10,7,10,14,yes
t0_smokeshow_suspension_elite_greyrarity,0x29EB5999,703289753,smokeshow,suspension,elite,greyrarity,0,10,6,9,14,yes
t0_smokeshow_suspension_elite_uncommonrarity,0x939FF795,2476734357,smokeshow,suspension,elite,uncommonrarity,2,10,7,11,15,yes
t0_smokeshow_suspension_pro_commonrarity,0x3786509B,931549339,smokeshow,suspension,pro,commonrarity,1,5,4,6,9,yes
t0_smokeshow_suspension_pro_eliterarity,0xC67478D2,3329521874,smokeshow,suspension,pro,eliterarity,4,8,5,8,12,yes
t0_smokeshow_suspension_pro_greyrarity,0xCE05E76A,3456493418,smokeshow,suspension,pro,greyrarity,0,4,3,6,8,yes
t0_smokeshow_suspension_pro_rarerarity,0xC6F0E295,3337675413,smokeshow,suspension,pro,rarerarity,3,7,4,8,11,yes
t0_smokeshow_suspension_pro_uncommonrarity,0x5BCC4020,1540112416,smokeshow,suspension,pro,uncommonrarity,2,6,4,7,10,yes
t0_smokeshow_suspension_race_commonrarity,0x37F21D44,938614084,smokeshow,suspension,race,commonrarity,1,3,3,4,6,yes
t0_smokeshow_suspension_race_eliterarity,0xBFFEF878,3221158008,smokeshow,suspension,race,eliterarity,4,6,4,6,9,yes
t0_smokeshow_suspension_race_greyrarity,0x89F294AC,2314376364,smokeshow,suspension,race,greyrarity,0,3,2,4,5,yes
t0_smokeshow_suspension_race_rarerarity,0x03393F96,54083478,smokeshow,suspension,race,rarerarity,3,5,3,6,8,yes
t0_smokeshow_suspension_race_uncommonrarity,0x96FCB408,2533143560,smokeshow,suspension,race,uncommonrarity,2,4,3,5,7,yes
t0_smokeshow_suspension_street_commonrarity,0xE04D2A35,3763153461,smokeshow,suspension,street,commonrarity,1,1,1,2,3,yes
t0_smokeshow_suspension_street_eliterarity,0x273E1CB9,658382009,smokeshow,suspension,street,eliterarity,4,4,3,4,6,yes
t0_smokeshow_suspension_street_greyrarity,0xDDB9C5B4,3719939508,smokeshow,suspension,street,greyrarity,0,1,0,1,2,yes
t0_smokeshow_suspension_street_rarerarity,0xA65B6C62,2791009378,smokeshow,suspension,street,rarerarity,3,3,2,4,5,yes
t0_smokeshow_suspension_street_uncommonrarity,0xB0D02DA6,2966433190,smokeshow,suspension,street,uncommonrarity,2,2,2,3,4,yes
t0_smokeshow_suspension_uber_commonrarity,0x975FE246,2539643462,smokeshow,suspension,uber,commonrarity,1,7,5,8,12,yes
t0_smokeshow_suspension_uber_eliterarity,0x7512A0C4,1964155076,smokeshow,suspension,uber,eliterarity,4,10,5,10,15,yes
t0_smokeshow_suspension_uber_greyrarity,0x33CEAC2E,869182510,smokeshow,suspension,uber,greyrarity,0,6,4,8,11,yes
t0_smokeshow_suspension_uber_rarerarity,0xDC9E6498,3701367960,smokeshow,suspension,uber,rarerarity,3,9,5,10,14,yes
t0_smokeshow_suspension_uber_uncommonrarity,0x1C50D616,475059734,smokeshow,suspension,uber,uncommonrarity,2,8,5,9,13,yes
t0_smokeshow_tires_elite_commonrarity,0x22CC3385,583807877,smokeshow,tires,elite,commonrarity,1,10,7,10,10,yes
t0_smokeshow_tires_elite_greyrarity,0xC07A6CA1,3229248673,smokeshow,tires,elite,greyrarity,0,10,6,9,10,yes
t0_smokeshow_tires_elite_uncommonrarity,0x12A8B96D,313047405,smokeshow,tires,elite,uncommonrarity,2,10,7,11,11,yes
t0_smokeshow_tires_pro_commonrarity,0x81BA0F09,2176454409,smokeshow,tires,pro,commonrarity,1,5,4,6,6,yes
t0_smokeshow_tires_pro_eliterarity,0xF19609C0,4053141952,smokeshow,tires,pro,eliterarity,4,8,5,8,8,yes
t0_smokeshow_tires_pro_greyrarity,0x5633C2DE,1446232798,smokeshow,tires,pro,greyrarity,0,4,3,6,6,yes
t0_smokeshow_tires_pro_rarerarity,0x8E960042,2392195138,smokeshow,tires,pro,rarerarity,3,7,4,8,8,yes
t0_smokeshow_tires_pro_uncommonrarity,0xDA1FAEBF,3659509439,smokeshow,tires,pro,uncommonrarity,2,6,4,7,7,yes
t0_smokeshow_tires_race_commonrarity,0x055EC7F5,90097653,smokeshow,tires,race,commonrarity,1,3,3,4,4,yes
t0_smokeshow_tires_race_eliterarity,0x7BF10CDB,2079395035,smokeshow,tires,race,eliterarity,4,6,4,6,6,yes
t0_smokeshow_tires_race_greyrarity,0x08D3A3C2,148087746,smokeshow,tires,race,greyrarity,0,3,2,4,4,yes
t0_smokeshow_tires_race_rarerarity,0x23C664AE,600204462,smokeshow,tires,race,rarerarity,3,5,3,6,6,yes
t0_smokeshow_tires_race_uncommonrarity,0x54964113,1419133203,smokeshow,tires,race,uncommonrarity,2,4,3,5,5,yes
t0_smokeshow_tires_street_commonrarity,0x4D1F4296,1293894294,smokeshow,tires,street,commonrarity,1,1,1,2,2,yes
t0_smokeshow_tires_street_eliterarity,0x35E7D3F2,904385522,smokeshow,tires,street,eliterarity,4,4,3,4,4,yes
t0_smokeshow_tires_street_greyrarity,0xE3AA4FBC,3819589564,smokeshow,tires,street,greyrarity,0,1,0,1,1,yes
t0_smokeshow_tires_street_rarerarity,0xF28D5966,4069349734,smokeshow,tires,street,rarerarity,3,3,2,4,4,yes
t0_smokeshow_tires_street_uncommonrarity,0xB945888A,3108341898,smokeshow,tires,street,uncommonrarity,2,2,2,3,3,yes
t0_smokeshow_tires_uber_commonrarity,0xB6193786,3055105926,smokeshow,tires,uber,commonrarity,1,7,5,8,8,yes
t0_smokeshow_tires_uber_eliterarity,0xF2565BC8,4065745864,smokeshow,tires,uber,eliterarity,4,10,5,10,10,yes
t0_smokeshow_tires_uber_greyrarity,0x9A487845,2588440645,smokeshow,tires,uber,greyrarity,0,6,4,8,8,yes
t0_smokeshow_tires_uber_rarerarity,0x88227C85,2283961477,smokeshow,tires,uber,rarerarity,3,9,5,10,10,yes
t0_smokeshow_tires_uber_uncommonrarity,0x01AA519F,27939231,smokeshow,tires,uber,uncommonrarity,2,8,5,9,9,yes
t0_smokeshow_transmission_elite_commonrarity,0xF26EE21C,4067353116,smokeshow,transmission,elite,commonrarity,1,10,10,14,7,yes
t0_smokeshow_transmission_elite_greyrarity,0x67F4944C,1744081996,smokeshow,transmission,elite,greyrarity,0,10,9,14,6,yes
t0_smokeshow_transmission_elite_uncommonrarity,0x89950005,2308243461,smokeshow,transmission,elite,uncommonrarity,2,10,11,15,7,yes
t0_smokeshow_transmission_pro_commonrarity,0x48EBA68D,1223403149,smokeshow,transmission,pro,commonrarity,1,5,6,9,4,yes
t0_smokeshow_transmission_pro_eliterarity,0x4468BF8A,1147715466,smokeshow,transmission,pro,eliterarity,4,8,8,12,5,yes
t0_smokeshow_transmission_pro_greyrarity,0xE5F90591,3858302353,smokeshow,transmission,pro,greyrarity,0,4,6,8,3,yes
t0_smokeshow_transmission_pro_rarerarity,0xC500FB23,3305175843,smokeshow,transmission,pro,rarerarity,3,7,8,11,4,yes
t0_smokeshow_transmission_pro_uncommonrarity,0x01CBE10A,30138634,smokeshow,transmission,pro,uncommonrarity,2,6,7,10,4,yes
t0_smokeshow_transmission_race_commonrarity,0x4A1281D6,1242726870,smokeshow,transmission,race,commonrarity,1,3,4,6,3,yes
t0_smokeshow_transmission_race_eliterarity,0x5684668B,1451517579,smokeshow,transmission,race,eliterarity,4,6,6,9,4,yes
t0_smokeshow_transmission_race_greyrarity,0x08868F10,143036176,smokeshow,transmission,race,greyrarity,0,3,4,5,2,yes
t0_smokeshow_transmission_race_rarerarity,0xF60B91EC,4127953388,smokeshow,transmission,race,rarerarity,3,5,6,8,3,yes
t0_smokeshow_transmission_race_uncommonrarity,0x66FFF9E6,1728051686,smokeshow,transmission,race,uncommonrarity,2,4,5,7,3,yes
t0_smokeshow_transmission_street_commonrarity,0x40AD3A7E,1085094526,smokeshow,transmission,street,commonrarity,1,1,2,3,1,yes
t0_smokeshow_transmission_street_eliterarity,0x0A198739,169445177,smokeshow,transmission,street,eliterarity,4,4,4,6,3,yes
t0_smokeshow_transmission_street_greyrarity,0x52E53D34,1390755124,smokeshow,transmission,street,greyrarity,0,1,1,2,0,yes
t0_smokeshow_transmission_street_rarerarity,0xC1829864,3246561380,smokeshow,transmission,street,rarerarity,3,3,4,5,2,yes
t0_smokeshow_transmission_street_uncommonrarity,0x6243AC3D,1648602173,smokeshow,transmission,street,uncommonrarity,2,2,3,4,2,yes
t0_smokeshow_transmission_uber_commonrarity,0x25B8F6F6,632878838,smokeshow,transmission,uber,commonrarity,1,7,8,12,5,yes
t0_smokeshow_transmission_uber_eliterarity,0x0DF3681C,234055708,smokeshow,transmission,uber,eliterarity,4,10,10,15,5,yes
t0_smokeshow_transmission_uber_greyrarity,0x40BEC1BE,1086243262,smokeshow,transmission,uber,greyrarity,0,6,8,11,4,yes
t0_smokeshow_transmission_uber_rarerarity,0x2BA0AB83,731949955,smokeshow,transmission,uber,rarerarity,3,9,10,14,5,yes
t0_smokeshow_transmission_uber_uncommonrarity,0x76E0AB4C,1994435404,smokeshow,transmission,uber,uncommonrarity,2,8,9,13,5,yes
